NTD ID,Mode,Year,Total Minor Incidents,Customer Injuries,Worker Injuries,Other Injuries,Total Injuries
1,FB,2016,2,0,2,0,2
1,FB,2017,6,1,5,0,6
1,FB,2018,3,1,2,0,3
1,FB,2019,1,0,1,0,1
1,FB,2021,5,4,1,0,5
1,MB,2016,84,82,0,0,82
1,MB,2017,77,77,0,0,77
1,MB,2018,85,84,0,0,84
1,MB,2019,75,74,0,0,74
1,MB,2020,84,84,0,0,84
1,MB,2021,79,79,0,0,79
1,MB,2022,87,87,0,0,87
1,SR,2016,1,1,0,0,1
1,SR,2017,2,2,0,0,2
1,SR,2018,3,3,0,0,3
1,SR,2019,2,2,0,0,2
1,SR,2021,2,2,0,0,2
1,TB,2016,23,23,0,0,23
1,TB,2017,18,18,0,0,18
1,TB,2018,14,14,0,0,14
1,TB,2019,10,9,0,1,10
1,TB,2020,10,10,0,0,10
1,TB,2021,14,14,0,0,14
1,TB,2022,25,25,0,0,25
2,DR,2016,2,1,1,0,2
2,DR,2017,3,3,0,0,3
2,DR,2018,2,2,0,0,2
2,DR,2019,1,1,0,0,1
2,DR,2021,4,3,1,0,4
2,DR,2022,1,1,0,0,1
2,MB,2016,17,17,0,0,17
2,MB,2017,20,20,0,0,20
2,MB,2018,8,8,0,0,8
2,MB,2019,3,3,0,0,3
2,MB,2020,5,5,0,0,5
2,MB,2021,16,15,1,0,16
2,MB,2022,25,25,0,0,25
3,DR,2017,4,4,0,0,4
3,DR,2018,1,1,0,0,1
3,DR,2022,11,10,1,0,11
3,MB,2016,14,14,0,0,14
3,MB,2017,10,10,0,0,10
3,MB,2018,16,12,1,0,13
3,MB,2019,24,23,0,0,23
3,MB,2020,13,13,0,0,13
3,MB,2021,14,9,0,0,9
3,MB,2022,12,10,1,1,12
5,DR,2016,2,1,0,1,2
5,DR,2019,2,2,0,0,2
5,DR,2022,1,0,1,0,1
5,MB,2016,3,3,0,0,3
5,MB,2017,1,1,0,0,1
5,MB,2019,2,0,1,1,2
5,MB,2020,1,1,0,0,1
5,MB,2021,3,3,0,0,3
5,MB,2022,5,5,0,0,5
6,CB,2016,1,1,0,0,1
6,CB,2018,1,1,0,0,1
6,DR,2016,3,2,1,0,3
6,DR,2017,3,3,0,0,3
6,DR,2018,1,1,0,0,1
6,DR,2020,1,1,0,0,1
6,MB,2016,2,2,0,0,2
6,MB,2017,3,3,0,0,3
6,MB,2018,1,1,0,0,1
6,MB,2019,1,1,0,0,1
6,VP,2017,1,0,1,0,1
7,DR,2016,1,1,0,0,1
7,DR,2017,1,1,0,0,1
7,DR,2019,1,0,0,0,0
7,DR,2022,1,1,0,0,1
7,MB,2016,4,3,1,0,4
7,MB,2017,7,7,0,0,7
7,MB,2018,8,8,0,0,8
7,MB,2019,7,6,0,1,7
7,MB,2020,2,2,0,0,2
7,MB,2021,5,5,0,0,5
7,RB,2016,1,1,0,0,1
7,RB,2017,4,4,0,0,4
7,RB,2018,7,7,0,0,7
7,RB,2019,9,9,0,0,9
7,RB,2020,4,4,0,0,4
7,RB,2021,1,1,0,0,1
8,DR,2016,2,2,0,0,2
8,DR,2017,3,1,0,0,1
8,DR,2018,5,5,0,0,5
8,DR,2019,8,8,0,0,8
8,DR,2020,2,2,0,0,2
8,DR,2021,1,1,0,0,1
8,LR,2016,55,54,1,0,55
8,LR,2017,70,70,0,0,70
8,LR,2018,68,60,7,0,67
8,LR,2019,79,67,10,2,79
8,LR,2020,69,64,5,0,69
8,LR,2021,57,48,3,4,55
8,LR,2022,12,9,3,0,12
8,MB,2016,64,64,0,0,64
8,MB,2017,57,56,1,0,57
8,MB,2018,77,70,7,0,77
8,MB,2019,81,72,9,0,81
8,MB,2020,124,121,3,0,124
8,MB,2021,85,82,2,0,84
8,MB,2022,59,53,6,0,59
11,DR,2018,1,1,0,0,1
11,DR,2019,1,1,0,0,1
11,DR,2021,1,0,1,0,1
11,DR,2022,1,1,0,0,1
11,MB,2017,9,7,1,1,9
11,MB,2018,1,1,0,0,1
11,MB,2019,2,2,0,0,2
11,MB,2020,6,1,5,0,6
11,MB,2021,3,1,2,0,3
11,MB,2022,8,7,1,0,8
12,DR,2016,1,1,0,0,1
12,DR,2020,6,5,0,0,5
12,DR,2021,2,2,0,0,2
12,DR,2022,7,5,1,0,6
12,MB,2016,3,0,3,0,3
12,MB,2018,2,2,0,0,2
12,MB,2020,10,6,4,0,10
12,MB,2021,5,4,1,0,5
12,MB,2022,7,5,2,0,7
16,MB,2017,1,1,0,0,1
16,MB,2019,1,1,0,0,1
16,MB,2021,1,1,0,0,1
18,DR,2018,2,2,0,0,2
18,DR,2020,1,1,0,0,1
18,DR,2021,1,1,0,0,1
18,MB,2016,1,1,0,0,1
18,MB,2017,1,1,0,0,1
18,MB,2020,1,1,0,0,1
18,MB,2022,3,3,0,0,3
18,VP,2016,2,2,0,0,2
19,CB,2022,2,2,0,0,2
19,DR,2016,1,1,0,0,1
19,DR,2017,1,1,0,0,1
19,DR,2018,3,3,0,0,3
19,DR,2019,2,2,0,0,2
19,MB,2016,5,3,1,1,5
19,MB,2017,5,5,0,0,5
19,MB,2018,5,5,0,0,5
19,MB,2019,6,6,0,0,6
19,MB,2021,1,1,0,0,1
19,MB,2022,5,2,3,0,5
20,DR,2018,1,1,0,0,1
20,DR,2019,2,2,0,0,2
20,DR,2022,2,1,0,0,1
20,FB,2018,1,1,0,0,1
20,FB,2019,1,1,0,0,1
20,MB,2018,2,2,0,0,2
20,MB,2019,1,1,0,0,1
20,MB,2021,1,1,0,0,1
21,DR,2016,4,4,0,0,4
21,DR,2018,3,3,0,0,3
21,DR,2019,2,2,0,0,2
21,MB,2016,3,3,0,0,3
21,MB,2017,4,0,0,4,4
21,MB,2019,1,1,0,0,1
21,MB,2021,2,2,0,0,2
23,MG,2017,1,1,0,0,1
23,MG,2021,1,1,0,0,1
24,CB,2017,1,1,0,0,1
24,DR,2016,5,4,1,0,5
24,DR,2017,1,1,0,0,1
24,DR,2018,3,3,0,0,3
24,DR,2019,8,6,2,0,8
24,DR,2020,2,2,0,0,2
24,DR,2022,2,2,0,0,2
24,MB,2016,5,3,0,0,3
24,MB,2017,16,12,1,0,13
24,MB,2018,26,11,1,0,12
24,MB,2019,24,16,4,0,20
24,MB,2020,26,6,0,0,6
24,MB,2021,20,10,1,0,11
24,MB,2022,17,10,0,0,10
25,DR,2016,1,1,0,0,1
25,DR,2017,1,1,0,0,1
25,DR,2018,2,2,0,0,2
25,DR,2019,1,1,0,0,1
25,DR,2020,1,1,0,0,1
25,DR,2021,2,2,0,0,2
25,MB,2016,7,7,0,0,7
25,MB,2017,12,10,0,0,10
25,MB,2018,9,7,1,0,8
25,MB,2019,6,4,2,0,6
25,MB,2020,5,3,1,0,4
25,MB,2021,10,8,1,0,9
25,MB,2022,14,12,1,0,13
29,CB,2016,1,1,0,0,1
29,CB,2017,2,2,0,0,2
29,CB,2018,3,3,0,0,3
29,CB,2019,1,1,0,0,1
29,CB,2020,2,2,0,0,2
29,CB,2021,5,5,0,0,5
29,CB,2022,1,1,0,0,1
29,DR,2018,1,1,0,0,1
29,DR,2019,2,2,0,0,2
29,DR,2020,3,2,1,0,3
29,DR,2022,6,4,2,0,6
29,MB,2016,10,10,0,0,10
29,MB,2017,5,5,0,0,5
29,MB,2018,13,13,0,0,13
29,MB,2019,7,6,0,1,7
29,MB,2020,6,6,0,0,6
29,MB,2021,7,7,0,0,7
29,MB,2022,8,7,1,0,8
29,VP,2018,3,3,0,0,3
34,DR,2018,4,4,0,0,4
34,DR,2021,2,2,0,0,2
34,DR,2022,2,2,0,0,2
34,MB,2016,17,14,2,0,16
34,MB,2017,2,2,0,0,2
34,MB,2018,1,1,0,0,1
34,MB,2019,5,5,0,0,5
34,MB,2022,2,2,0,0,2
35,FB,2016,16,14,2,0,16
35,FB,2017,15,13,2,0,15
35,FB,2018,24,21,3,0,24
35,FB,2019,35,26,7,0,33
35,FB,2020,21,17,4,0,21
35,FB,2021,19,15,4,0,19
35,FB,2022,20,16,4,0,20
40,CB,2016,4,4,0,0,4
40,CB,2017,35,34,0,0,34
40,CB,2018,11,11,0,0,11
40,CB,2019,6,6,0,0,6
40,CB,2020,13,5,1,0,6
40,CB,2021,18,14,0,0,14
40,CB,2022,14,8,0,0,8
40,LR,2016,43,36,0,2,38
40,LR,2017,38,38,0,0,38
40,LR,2018,9,9,0,0,9
40,LR,2019,24,21,3,0,24
40,LR,2020,36,23,2,1,26
40,LR,2021,56,35,6,0,41
40,LR,2022,55,31,4,0,35
40,SR,2017,3,3,0,0,3
40,SR,2018,1,1,0,0,1
40,SR,2019,1,0,1,0,1
40,SR,2020,2,2,0,0,2
40,SR,2021,3,2,0,0,2
43,DR,2017,1,1,0,0,1
43,DR,2018,2,2,0,0,2
43,DR,2019,1,1,0,0,1
43,DR,2020,1,1,0,0,1
43,DR,2022,1,1,0,0,1
43,MB,2016,1,0,0,0,0
43,MB,2017,3,2,0,0,2
43,MB,2018,1,1,0,0,1
43,MB,2019,2,2,0,0,2
43,MB,2021,2,2,0,0,2
43,MB,2022,1,1,0,0,1
44,CB,2020,5,5,0,0,5
44,CB,2021,1,1,0,0,1
44,DR,2019,7,7,0,0,7
44,DR,2020,1,0,1,0,1
44,DR,2021,3,3,0,0,3
44,MB,2019,8,7,1,0,8
44,MB,2020,18,18,0,0,18
44,MB,2021,5,5,0,0,5
44,MB,2022,3,3,0,0,3
44,VP,2022,1,0,0,0,0
57,CB,2019,1,0,0,0,0
57,MB,2018,1,1,0,0,1
57,MB,2019,1,1,0,0,1
57,MB,2022,1,0,1,0,1
58,SR,2016,3,3,0,0,3
58,SR,2017,8,7,0,0,7
58,SR,2018,5,5,0,0,5
58,SR,2019,12,12,0,0,12
58,SR,2020,16,14,2,0,16
58,SR,2021,8,8,0,0,8
58,SR,2022,10,8,2,0,10
376,DR,2016,1,1,0,0,1
376,DR,2017,1,1,0,0,1
376,DR,2021,1,0,0,0,0
376,DR,2022,2,1,1,0,2
415,VP,2019,1,0,0,0,0
10001,DR,2016,13,11,2,0,13
10001,DR,2017,18,17,1,0,18
10001,DR,2018,13,12,1,0,13
10001,DR,2019,15,15,0,0,15
10001,DR,2020,16,16,0,0,16
10001,DR,2021,28,28,0,0,28
10001,DR,2022,44,44,0,0,44
10001,MB,2016,21,20,1,0,21
10001,MB,2017,49,41,8,0,49
10001,MB,2018,46,43,3,0,46
10001,MB,2019,45,43,2,0,45
10001,MB,2020,43,42,1,0,43
10001,MB,2021,54,52,2,0,54
10001,MB,2022,63,62,1,0,63
10003,DR,2016,19,14,2,1,17
10003,DR,2017,12,10,1,1,12
10003,DR,2018,8,8,0,0,8
10003,DR,2019,9,8,1,0,9
10003,DR,2020,3,3,0,0,3
10003,DR,2021,19,17,2,0,19
10003,DR,2022,21,16,5,0,21
10003,FB,2016,1,1,0,0,1
10003,HR,2016,347,168,22,0,190
10003,HR,2017,374,197,32,0,229
10003,HR,2018,356,194,31,0,225
10003,HR,2019,357,188,26,1,215
10003,HR,2020,254,117,26,1,144
10003,HR,2021,291,159,22,0,181
10003,HR,2022,279,175,26,0,201
10003,LR,2016,180,79,34,0,113
10003,LR,2017,145,61,26,0,87
10003,LR,2018,159,72,27,0,99
10003,LR,2019,130,66,17,0,83
10003,LR,2020,97,36,10,1,47
10003,LR,2021,93,44,16,0,60
10003,LR,2022,123,66,26,0,92
10003,MB,2016,288,168,110,0,278
10003,MB,2017,238,162,65,0,227
10003,MB,2018,204,136,61,0,197
10003,MB,2019,240,160,70,0,230
10003,MB,2020,181,123,46,0,169
10003,MB,2021,180,117,51,1,169
10003,MB,2022,160,110,42,0,152
10003,RB,2016,12,8,4,0,12
10003,RB,2017,14,12,2,0,14
10003,RB,2018,18,18,0,0,18
10003,RB,2019,16,11,5,0,16
10003,RB,2020,11,6,2,0,8
10003,RB,2021,14,9,2,0,11
10003,RB,2022,16,12,4,0,16
10003,TB,2016,4,3,1,0,4
10003,TB,2017,1,1,0,0,1
10003,TB,2018,1,0,0,0,0
10003,TB,2019,1,1,0,0,1
10003,TB,2020,2,1,1,0,2
10003,TB,2021,2,1,0,0,1
10004,DR,2017,4,4,0,0,4
10004,DR,2018,2,2,0,0,2
10004,DR,2022,1,1,0,0,1
10004,MB,2016,2,1,0,1,2
10004,MB,2017,6,6,0,0,6
10004,MB,2018,4,3,1,0,4
10004,MB,2019,1,1,0,0,1
10004,MB,2020,3,3,0,0,3
10004,MB,2021,3,3,0,0,3
10004,MB,2022,4,3,1,0,4
10005,MB,2016,1,1,0,0,1
10005,MB,2017,2,2,0,0,2
10005,MB,2018,3,2,1,0,3
10005,MB,2020,1,1,0,0,1
10005,MB,2021,4,4,0,0,4
10005,MB,2022,1,1,0,0,1
10006,DR,2017,1,1,0,0,1
10006,DR,2018,1,0,1,0,1
10006,DR,2020,1,1,0,0,1
10006,DR,2021,2,1,1,0,2
10006,DR,2022,2,2,0,0,2
10006,MB,2016,17,17,0,0,17
10006,MB,2017,6,5,0,0,5
10006,MB,2018,7,6,1,0,7
10006,MB,2019,2,2,0,0,2
10006,MB,2020,3,3,0,0,3
10006,MB,2021,6,2,4,0,6
10006,MB,2022,4,3,1,0,4
10007,DR,2020,1,1,0,0,1
10007,DR,2021,4,2,1,1,4
10007,MB,2016,4,4,0,0,4
10007,MB,2022,2,0,1,0,1
10008,DR,2016,2,2,0,0,2
10008,DR,2019,2,1,0,0,1
10008,DR,2020,10,9,0,1,10
10008,DR,2021,10,9,1,0,10
10008,DR,2022,5,5,0,0,5
10008,MB,2016,10,10,0,0,10
10008,MB,2017,20,20,0,0,20
10008,MB,2018,14,13,1,0,14
10008,MB,2019,3,2,0,0,2
10008,MB,2020,11,10,0,1,11
10008,MB,2021,82,79,3,0,82
10008,MB,2022,108,104,4,0,108
10013,MB,2018,2,2,0,0,2
10014,DR,2016,1,1,0,0,1
10014,DR,2021,4,4,0,0,4
10014,DR,2022,4,3,1,0,4
10014,MB,2016,10,10,0,0,10
10014,MB,2017,7,7,0,0,7
10014,MB,2018,5,5,0,0,5
10014,MB,2019,3,3,0,0,3
10014,MB,2021,5,5,0,0,5
10016,MB,2021,1,1,0,0,1
10017,DR,2016,4,3,1,0,4
10017,DR,2017,6,5,0,0,5
10017,DR,2018,11,11,0,0,11
10017,DR,2019,3,2,1,0,3
10017,DR,2020,1,1,0,0,1
10017,DR,2022,1,1,0,0,1
10040,DR,2016,1,1,0,0,1
10040,DR,2020,1,1,0,0,1
10040,DR,2022,1,1,0,0,1
10040,MB,2016,1,0,0,0,0
10040,MB,2017,3,3,0,0,3
10040,MB,2018,5,4,1,0,5
10040,MB,2019,3,3,0,0,3
10040,MB,2020,3,2,1,0,3
10040,MB,2021,7,5,2,0,7
10040,MB,2022,12,12,0,0,12
10042,DR,2018,1,0,1,0,1
10042,DR,2019,1,0,1,0,1
10042,DR,2021,1,1,0,0,1
10042,DR,2022,3,3,0,0,3
10048,MB,2016,26,26,0,0,26
10048,MB,2017,24,24,0,0,24
10048,MB,2018,23,23,0,0,23
10048,MB,2019,18,18,0,0,18
10048,MB,2020,15,15,0,0,15
10048,MB,2021,12,12,0,0,12
10048,MB,2022,17,17,0,0,17
10048,RB,2017,5,5,0,0,5
10048,RB,2018,5,5,0,0,5
10048,RB,2019,3,3,0,0,3
10048,RB,2022,4,4,0,0,4
10049,DR,2016,2,0,2,0,2
10049,DR,2017,2,2,0,0,2
10049,DR,2018,1,1,0,0,1
10049,DR,2019,2,2,0,0,2
10049,DR,2020,27,22,5,0,27
10049,DR,2021,7,1,6,0,7
10049,DR,2022,5,2,3,0,5
10049,MB,2016,1,0,1,0,1
10050,DR,2017,1,1,0,0,1
10050,DR,2020,2,2,0,0,2
10050,DR,2022,1,1,0,0,1
10050,MB,2016,1,1,0,0,1
10050,MB,2019,1,1,0,0,1
10050,MB,2020,1,1,0,0,1
10050,MB,2022,5,5,0,0,5
10051,DR,2016,1,1,0,0,1
10051,DR,2017,4,4,0,0,4
10051,DR,2018,3,3,0,0,3
10051,DR,2019,1,1,0,0,1
10051,DR,2020,1,1,0,0,1
10051,DR,2021,1,1,0,0,1
10051,DR,2022,2,1,0,0,1
10051,MB,2016,5,4,1,0,5
10051,MB,2017,5,3,2,0,5
10051,MB,2018,5,4,1,0,5
10051,MB,2019,2,2,0,0,2
10051,MB,2020,1,1,0,0,1
10051,MB,2021,1,0,1,0,1
10051,MB,2022,6,0,3,0,3
10053,DR,2016,1,1,0,0,1
10055,MB,2016,14,14,0,0,14
10055,MB,2017,13,12,0,0,12
10055,MB,2018,22,16,0,0,16
10055,MB,2019,39,29,0,0,29
10055,MB,2020,60,60,0,0,60
10055,MB,2021,50,50,0,0,50
10055,MB,2022,102,102,0,0,102
10056,MB,2016,7,7,0,0,7
10056,MB,2017,2,2,0,0,2
10056,MB,2018,8,8,0,0,8
10056,MB,2019,6,6,0,0,6
10056,MB,2021,5,5,0,0,5
10056,MB,2022,4,4,0,0,4
10057,DR,2018,2,2,0,0,2
10057,DR,2021,4,4,0,0,4
10057,DR,2022,1,1,0,0,1
10057,MB,2016,3,3,0,0,3
10057,MB,2017,1,1,0,0,1
10057,MB,2018,5,5,0,0,5
10057,MB,2019,6,5,1,0,6
10057,MB,2020,1,0,1,0,1
10057,MB,2021,1,1,0,0,1
10057,MB,2022,14,14,0,0,14
10061,DR,2016,1,1,0,0,1
10061,DR,2017,5,4,1,0,5
10061,DR,2018,3,3,0,0,3
10061,DR,2019,5,1,2,2,5
10061,DR,2021,3,3,0,0,3
10061,MB,2016,9,9,0,0,9
10061,MB,2017,2,2,0,0,2
10061,MB,2018,4,4,0,0,4
10061,MB,2019,4,4,0,0,4
10063,DR,2018,1,1,0,0,1
10063,MB,2018,3,2,0,0,2
10064,DR,2016,2,2,0,0,2
10064,DR,2017,1,1,0,0,1
10064,DR,2019,1,1,0,0,1
10064,DR,2020,2,2,0,0,2
10064,MB,2016,5,5,0,0,5
10064,MB,2017,1,1,0,0,1
10064,MB,2018,2,2,0,0,2
10064,MB,2021,2,2,0,0,2
10064,MB,2022,1,1,0,0,1
10066,CB,2016,1,0,0,0,0
10066,DR,2022,3,3,0,0,3
10066,MB,2016,6,2,0,0,2
10066,MB,2022,1,1,0,0,1
10086,DR,2018,3,3,0,0,3
10086,DR,2019,1,1,0,0,1
10086,MB,2018,1,1,0,0,1
10086,MB,2019,1,1,0,0,1
10087,DR,2019,1,1,0,0,1
10087,DR,2020,1,1,0,0,1
10087,MB,2016,2,2,0,0,2
10087,MB,2017,2,2,0,0,2
10087,MB,2019,1,1,0,0,1
10087,MB,2020,1,1,0,0,1
10087,MB,2021,3,3,0,0,3
10087,MB,2022,3,3,0,0,3
10088,FB,2017,1,0,1,0,1
10088,FB,2018,5,0,5,0,5
10088,FB,2019,7,0,7,0,7
10088,FB,2020,2,0,2,0,2
10088,FB,2021,5,0,5,0,5
10088,FB,2022,8,1,7,0,8
10098,DR,2016,2,2,0,0,2
10098,DR,2019,2,0,2,0,2
10105,DR,2016,1,1,0,0,1
10105,DR,2017,1,1,0,0,1
10105,MB,2021,2,1,1,0,2
10118,DR,2018,3,3,0,0,3
10118,DR,2022,1,1,0,0,1
10118,MB,2018,1,1,0,0,1
10118,MB,2021,1,1,0,0,1
10119,MB,2016,4,3,0,1,4
10119,MB,2017,1,1,0,0,1
10128,DR,2016,1,1,0,0,1
10128,DR,2017,3,3,0,0,3
10128,DR,2020,1,1,0,0,1
10128,DR,2022,3,2,1,0,3
10128,MB,2017,4,4,0,0,4
10128,MB,2018,1,1,0,0,1
10128,MB,2020,3,3,0,0,3
10128,MB,2021,2,2,0,0,2
10128,MB,2022,5,5,0,0,5
10130,MB,2016,1,1,0,0,1
10130,MB,2017,1,1,0,0,1
10130,MB,2019,2,2,0,0,2
10130,MB,2021,1,1,0,0,1
10130,MB,2022,1,1,0,0,1
10183,FB,2016,12,2,10,0,12
10183,FB,2017,14,3,11,0,14
10183,FB,2018,10,7,3,0,10
10183,FB,2019,4,4,0,0,4
10183,FB,2020,2,2,0,0,2
10183,FB,2021,3,2,1,0,3
10183,FB,2022,9,6,3,0,9
10183,MB,2016,4,1,3,0,4
10183,MB,2017,3,0,3,0,3
10183,MB,2018,5,2,3,0,5
10183,MB,2019,2,2,0,0,2
10183,MB,2021,1,1,0,0,1
11239,FB,2021,40,14,26,0,40
11239,FB,2022,52,24,28,0,52
20002,DR,2016,1,1,0,0,1
20002,DR,2017,3,3,0,0,3
20002,DR,2018,1,1,0,0,1
20002,DR,2020,4,4,0,0,4
20002,DR,2021,1,1,0,0,1
20002,DR,2022,2,2,0,0,2
20002,MB,2016,19,19,0,0,19
20002,MB,2017,24,18,4,2,24
20002,MB,2018,22,20,1,1,22
20002,MB,2019,13,12,1,0,13
20002,MB,2020,16,13,3,0,16
20002,MB,2021,15,12,1,0,13
20002,MB,2022,10,10,0,0,10
20003,DR,2017,1,1,0,0,1
20003,DR,2019,1,1,0,0,1
20003,DR,2020,1,1,0,0,1
20003,DR,2022,1,1,0,0,1
20003,MB,2017,5,5,0,0,5
20003,MB,2018,9,7,1,0,8
20003,MB,2019,9,9,0,0,9
20003,MB,2020,4,3,1,0,4
20003,MB,2021,3,2,1,0,3
20003,MB,2022,1,1,0,0,1
20004,DR,2016,1,1,0,0,1
20004,DR,2017,1,1,0,0,1
20004,DR,2018,2,2,0,0,2
20004,DR,2019,3,3,0,0,3
20004,DR,2021,4,4,0,0,4
20004,DR,2022,6,6,0,0,6
20004,LR,2016,14,11,0,3,14
20004,LR,2017,11,11,0,0,11
20004,LR,2018,24,24,0,0,24
20004,LR,2019,13,11,1,1,13
20004,LR,2020,18,14,0,3,17
20004,LR,2021,13,12,1,0,13
20004,LR,2022,18,17,1,0,18
20004,MB,2016,24,23,1,0,24
20004,MB,2017,23,23,0,0,23
20004,MB,2018,20,19,1,0,20
20004,MB,2019,24,24,0,0,24
20004,MB,2020,22,22,0,0,22
20004,MB,2021,36,34,2,0,36
20004,MB,2022,47,43,4,0,47
20006,MB,2020,1,1,0,0,1
20008,CB,2016,7,4,0,1,5
20008,CB,2017,2,2,0,0,2
20008,CB,2018,4,4,0,0,4
20008,CB,2019,1,1,0,0,1
20008,CB,2020,4,4,0,0,4
20008,CB,2021,6,6,0,0,6
20008,CB,2022,15,15,0,0,15
20008,DR,2016,30,28,0,1,29
20008,DR,2017,41,38,1,1,40
20008,DR,2018,49,48,0,1,49
20008,DR,2019,35,30,2,3,35
20008,DR,2020,24,23,0,1,24
20008,DR,2021,22,20,2,0,22
20008,DR,2022,35,28,3,4,35
20008,HR,2016,3283,2047,279,0,2326
20008,HR,2017,3564,2251,348,0,2599
20008,HR,2018,3505,2320,307,0,2627
20008,HR,2019,3230,2147,365,0,2512
20008,HR,2020,2141,1029,212,0,1241
20008,HR,2021,2338,1177,155,0,1332
20008,HR,2022,2623,1118,190,0,1308
20008,MB,2016,541,527,1,5,533
20008,MB,2017,559,479,69,0,548
20008,MB,2018,567,468,73,0,541
20008,MB,2019,582,512,70,0,582
20008,MB,2020,376,333,43,0,376
20008,MB,2021,391,371,19,1,391
20008,MB,2022,493,462,31,0,493
20008,RB,2016,40,40,0,2,42
20008,RB,2017,61,57,0,0,57
20008,RB,2018,58,57,0,0,57
20008,RB,2019,37,37,0,0,37
20008,RB,2020,29,29,0,0,29
20008,RB,2021,19,19,0,0,19
20008,RB,2022,20,20,0,0,20
20010,MB,2016,1,1,0,0,1
20018,DR,2016,1,1,0,0,1
20018,DR,2017,3,3,0,0,3
20018,DR,2019,2,2,0,0,2
20018,DR,2020,2,2,0,0,2
20018,DR,2022,2,2,0,0,2
20018,MB,2016,6,6,0,0,6
20018,MB,2017,12,12,0,0,12
20018,MB,2018,11,11,0,0,11
20018,MB,2019,12,12,0,0,12
20018,MB,2020,3,3,0,0,3
20018,MB,2021,4,4,0,0,4
20018,MB,2022,8,8,0,0,8
20071,DR,2017,1,1,0,0,1
20071,MB,2022,1,1,0,0,1
20072,DR,2016,3,3,0,0,3
20072,DR,2017,1,1,0,0,1
20072,DR,2019,7,7,0,0,7
20072,DR,2020,1,1,0,0,1
20072,DR,2021,3,3,0,0,3
20072,DR,2022,4,4,0,0,4
20072,MB,2016,9,9,0,0,9
20072,MB,2017,18,18,0,0,18
20072,MB,2018,15,15,0,0,15
20072,MB,2019,14,13,1,0,14
20072,MB,2020,9,9,0,0,9
20072,MB,2021,11,11,0,0,11
20072,MB,2022,12,12,0,0,12
20075,HR,2016,31,23,1,0,24
20075,HR,2017,46,36,10,0,46
20075,HR,2018,58,23,34,0,57
20075,HR,2019,63,33,30,0,63
20075,HR,2020,36,9,24,1,34
20075,HR,2021,17,9,8,0,17
20075,HR,2022,22,9,12,0,21
20076,DR,2018,3,2,1,0,3
20076,DR,2019,5,5,0,0,5
20076,DR,2021,3,3,0,0,3
20076,DR,2022,3,3,0,0,3
20076,MB,2016,26,23,3,0,26
20076,MB,2017,21,21,0,0,21
20076,MB,2018,38,38,0,0,38
20076,MB,2019,32,32,0,0,32
20076,MB,2020,20,19,1,0,20
20076,MB,2021,17,17,0,0,17
20076,MB,2022,31,31,0,0,31
20080,DR,2016,14,14,0,0,14
20080,DR,2017,2,2,0,0,2
20080,DR,2018,8,6,2,0,8
20080,DR,2019,1,1,0,0,1
20080,DR,2020,3,3,0,0,3
20080,DR,2021,8,7,1,0,8
20080,DR,2022,9,9,0,0,9
20080,LR,2016,14,4,10,0,14
20080,LR,2017,21,11,8,0,19
20080,LR,2018,32,20,10,0,30
20080,LR,2019,27,8,10,0,18
20080,LR,2020,20,5,9,0,14
20080,LR,2021,14,6,6,0,12
20080,LR,2022,13,5,5,0,10
20080,MB,2016,92,87,0,0,87
20080,MB,2017,91,90,0,1,91
20080,MB,2018,90,85,0,0,85
20080,MB,2019,100,90,1,0,91
20080,MB,2020,53,51,0,0,51
20080,MB,2021,55,53,0,0,53
20080,MB,2022,65,65,0,0,65
20080,YR,2016,2,0,2,0,2
20080,YR,2017,1,0,1,0,1
20080,YR,2018,9,4,4,0,8
20080,YR,2020,1,0,0,0,0
20082,FB,2016,28,19,9,0,28
20082,FB,2017,31,28,3,0,31
20082,FB,2018,26,23,3,0,26
20082,FB,2019,42,39,3,0,42
20082,FB,2020,13,10,3,0,13
20082,FB,2021,50,47,2,1,50
20082,FB,2022,20,17,3,0,20
20084,DR,2022,1,1,0,0,1
20084,MB,2016,1,1,0,0,1
20084,MB,2017,2,2,0,0,2
20084,MB,2018,4,3,0,0,3
20084,MB,2019,7,6,0,0,6
20084,MB,2020,2,1,0,0,1
20084,MB,2021,1,1,0,0,1
20096,MB,2017,1,1,0,0,1
20098,FB,2016,1,1,0,0,1
20098,FB,2018,2,2,0,0,2
20099,HR,2016,12,12,0,0,12
20099,HR,2017,10,10,0,0,10
20099,HR,2020,1,1,0,0,1
20099,HR,2021,2,1,0,0,1
20113,DR,2016,3,3,0,0,3
20113,DR,2017,2,2,0,0,2
20113,DR,2018,2,1,1,0,2
20113,DR,2019,3,2,1,0,3
20113,DR,2020,4,4,0,0,4
20113,DR,2021,4,4,0,0,4
20113,DR,2022,11,5,1,0,6
20113,MB,2016,17,13,3,0,16
20113,MB,2017,15,14,1,0,15
20113,MB,2018,19,16,3,0,19
20113,MB,2019,17,13,4,0,17
20113,MB,2020,11,9,2,0,11
20113,MB,2021,11,9,2,0,11
20113,MB,2022,16,13,3,0,16
20122,CB,2016,9,8,0,1,9
20122,CB,2017,2,1,0,1,2
20122,CB,2018,5,5,0,0,5
20126,CB,2016,1,1,0,0,1
20128,CB,2017,1,1,0,0,1
20128,CB,2019,1,1,0,0,1
20145,DR,2016,1,1,0,0,1
20145,DR,2017,1,0,0,0,0
20145,MB,2017,2,1,0,0,1
20145,MB,2018,2,2,0,0,2
20145,MB,2020,2,2,0,0,2
20145,MB,2021,1,1,0,0,1
20145,MB,2022,3,2,0,0,2
20169,CB,2019,1,1,0,0,1
20169,CB,2020,1,0,0,0,0
20177,CB,2022,1,1,0,0,1
20178,MB,2016,1,1,0,0,1
20178,MB,2017,2,2,0,0,2
20178,MB,2018,2,1,1,0,2
20178,MB,2019,1,1,0,0,1
20188,MB,2016,207,116,90,1,207
20188,MB,2017,178,85,89,3,177
20188,MB,2018,174,102,63,6,171
20188,MB,2019,179,104,69,4,177
20188,MB,2020,90,52,31,1,84
20188,MB,2021,122,51,71,0,122
20188,MB,2022,101,56,45,0,101
20189,FB,2016,4,2,2,0,4
20189,FB,2017,1,1,0,0,1
20190,FB,2016,7,5,2,0,7
20190,FB,2017,1,1,0,0,1
20190,FB,2018,3,3,0,0,3
20190,FB,2019,3,3,0,0,3
20193,DR,2017,1,1,0,0,1
20196,DR,2018,1,1,0,0,1
20204,DR,2019,1,1,0,0,1
20206,DR,2016,2,2,0,0,2
20206,DR,2017,4,3,0,0,3
20206,DR,2018,4,3,1,0,4
20206,DR,2019,5,5,0,0,5
20206,DR,2020,1,1,0,0,1
20206,DR,2021,4,4,0,0,4
20206,DR,2022,4,4,0,0,4
20206,MB,2016,33,31,0,0,31
20206,MB,2017,26,25,1,0,26
20206,MB,2018,36,36,0,0,36
20206,MB,2019,33,33,0,0,33
20206,MB,2020,23,23,0,0,23
20206,MB,2021,14,14,0,0,14
20206,MB,2022,29,29,0,0,29
20217,CB,2018,1,0,0,0,0
20217,CB,2020,1,1,0,0,1
20217,CB,2022,1,1,0,0,1
20223,FB,2021,41,17,24,0,41
20223,FB,2022,52,25,27,0,52
22930,FB,2019,1,1,0,0,1
22930,FB,2020,1,1,0,0,1
22930,FB,2022,9,5,1,0,6
30001,DR,2017,2,2,0,0,2
30001,DR,2018,3,3,0,0,3
30001,DR,2019,1,1,0,0,1
30001,DR,2020,1,0,1,0,1
30001,DR,2022,2,1,1,0,2
30001,MB,2016,4,4,0,0,4
30001,MB,2017,4,4,0,0,4
30001,MB,2018,10,10,0,0,10
30001,MB,2019,15,14,1,0,15
30001,MB,2020,4,3,1,0,4
30001,MB,2021,5,5,0,0,5
30001,MB,2022,10,4,6,0,10
30002,DR,2017,1,1,0,0,1
30002,DR,2018,2,2,0,0,2
30002,DR,2019,10,10,0,0,10
30002,DR,2020,5,5,0,0,5
30002,DR,2021,14,14,0,0,14
30002,DR,2022,8,8,0,0,8
30002,MB,2016,10,10,0,0,10
30002,MB,2017,9,9,0,0,9
30002,MB,2018,11,11,0,0,11
30002,MB,2019,35,34,1,0,35
30002,MB,2020,31,31,0,0,31
30002,MB,2021,35,35,0,0,35
30002,MB,2022,30,30,0,0,30
30006,DR,2022,1,1,0,0,1
30006,MB,2016,21,21,0,0,21
30006,MB,2017,16,16,0,0,16
30006,MB,2018,17,17,0,0,17
30006,MB,2019,13,13,0,0,13
30006,MB,2020,11,11,0,0,11
30006,MB,2021,9,9,0,0,9
30006,MB,2022,14,13,1,0,14
30006,RB,2018,1,1,0,0,1
30006,RB,2019,2,2,0,0,2
30006,RB,2020,3,2,0,0,2
30006,RB,2021,1,1,0,0,1
30006,RB,2022,3,3,0,0,3
30006,VP,2016,3,2,1,0,3
30006,VP,2017,1,1,0,0,1
30006,VP,2018,2,2,0,0,2
30006,VP,2019,1,1,0,0,1
30006,VP,2021,3,3,0,0,3
30006,VP,2022,1,1,0,0,1
30007,MB,2016,8,8,0,0,8
30007,MB,2017,8,8,0,0,8
30007,MB,2018,3,1,2,0,3
30007,MB,2019,6,6,0,0,6
30007,MB,2020,9,9,0,0,9
30007,MB,2021,2,2,0,0,2
30007,MB,2022,2,2,0,0,2
30008,DR,2021,4,4,0,0,4
30008,MB,2016,12,12,0,0,12
30008,MB,2017,4,4,0,0,4
30008,MB,2018,3,3,0,0,3
30008,MB,2019,7,7,0,0,7
30008,MB,2020,1,1,0,0,1
30008,MB,2021,9,8,1,0,9
30008,MB,2022,7,5,2,0,7
30010,MB,2016,5,3,0,2,5
30010,MB,2018,4,4,0,0,4
30010,MB,2019,4,3,1,0,4
30010,MB,2020,3,3,0,0,3
30010,MB,2021,6,6,0,0,6
30010,MB,2022,6,6,0,0,6
30011,MB,2017,1,1,0,0,1
30011,MB,2018,1,1,0,0,1
30011,MB,2020,1,1,0,0,1
30012,DR,2017,1,1,0,0,1
30012,DR,2021,1,1,0,0,1
30012,DR,2022,3,3,0,0,3
30012,MB,2018,3,3,0,0,3
30012,MB,2019,1,0,0,0,0
30012,MB,2021,3,3,0,0,3
30012,MB,2022,2,2,0,0,2
30013,DR,2016,5,5,0,0,5
30013,DR,2017,9,9,0,0,9
30013,DR,2018,7,7,0,0,7
30013,DR,2019,3,3,0,0,3
30013,DR,2020,2,2,0,0,2
30013,DR,2021,1,1,0,0,1
30013,MB,2016,8,8,0,0,8
30013,MB,2017,13,13,0,0,13
30013,MB,2018,10,10,0,0,10
30013,MB,2019,5,5,0,0,5
30013,MB,2020,2,2,0,0,2
30013,MB,2021,1,1,0,0,1
30013,MB,2022,3,3,0,0,3
30014,DR,2016,1,1,0,0,1
30014,DR,2019,1,1,0,0,1
30014,DR,2020,1,1,0,0,1
30014,DR,2022,1,1,0,0,1
30014,MB,2016,1,1,0,0,1
30014,MB,2017,3,2,1,0,3
30014,MB,2018,5,5,0,0,5
30014,MB,2019,2,2,0,0,2
30014,MB,2021,2,2,0,0,2
30015,DR,2016,1,1,0,0,1
30015,DR,2017,1,1,0,0,1
30015,MB,2016,1,1,0,0,1
30015,MB,2017,2,1,0,0,1
30015,MB,2019,2,2,0,0,2
30015,MB,2021,2,0,2,0,2
30018,DR,2016,3,3,0,0,3
30018,MB,2016,2,2,0,0,2
30019,DR,2016,35,29,5,1,35
30019,DR,2017,21,17,4,0,21
30019,DR,2018,14,14,0,0,14
30019,DR,2019,15,12,3,0,15
30019,DR,2020,5,5,0,0,5
30019,DR,2021,6,5,1,0,6
30019,DR,2022,7,6,1,0,7
30019,HR,2016,140,106,27,0,133
30019,HR,2017,93,69,12,0,81
30019,HR,2018,107,84,9,0,93
30019,HR,2019,110,96,7,0,103
30019,HR,2020,117,85,7,0,92
30019,HR,2021,123,84,7,0,91
30019,HR,2022,141,87,11,0,98
30019,MB,2016,516,374,141,1,516
30019,MB,2017,479,373,101,0,474
30019,MB,2018,388,290,98,0,388
30019,MB,2019,435,305,129,0,434
30019,MB,2020,254,186,65,0,251
30019,MB,2021,263,190,70,0,260
30019,MB,2022,245,176,65,0,241
30019,SR,2016,35,26,7,0,33
30019,SR,2017,46,34,10,0,44
30019,SR,2018,36,20,16,0,36
30019,SR,2019,32,26,6,0,32
30019,SR,2020,29,19,7,0,26
30019,SR,2021,18,8,5,0,13
30019,SR,2022,22,8,10,0,18
30019,TB,2016,2,2,0,0,2
30019,TB,2017,9,7,2,0,9
30019,TB,2018,13,13,0,0,13
30019,TB,2019,4,4,0,0,4
30019,TB,2020,8,4,4,0,8
30019,TB,2021,5,3,2,0,5
30019,TB,2022,6,4,2,0,6
30022,DR,2016,10,10,0,0,10
30022,DR,2017,30,30,0,0,30
30022,DR,2018,20,20,0,0,20
30022,DR,2019,12,12,0,0,12
30022,DR,2020,6,6,0,0,6
30022,DR,2021,4,4,0,0,4
30022,DR,2022,13,12,1,0,13
30022,IP,2019,1,1,0,0,1
30022,IP,2020,1,0,1,0,1
30022,LR,2016,4,1,0,0,1
30022,LR,2017,8,7,0,0,7
30022,LR,2018,6,4,0,0,4
30022,LR,2019,5,5,0,0,5
30022,LR,2020,7,3,0,0,3
30022,LR,2021,5,4,0,0,4
30022,LR,2022,5,2,0,0,2
30022,MB,2016,71,65,0,0,65
30022,MB,2017,67,58,6,0,64
30022,MB,2018,75,70,0,1,71
30022,MB,2019,89,86,0,0,86
30022,MB,2020,52,44,0,0,44
30022,MB,2021,56,51,0,0,51
30022,MB,2022,61,57,0,0,57
30023,MB,2016,2,0,0,0,0
30025,DR,2022,6,6,0,0,6
30025,MB,2022,5,5,0,0,5
30026,MB,2020,2,1,0,1,2
30026,MB,2022,4,4,0,0,4
30027,DR,2016,2,1,0,0,1
30027,DR,2017,3,2,1,0,3
30027,DR,2018,7,6,1,0,7
30027,DR,2019,11,10,1,0,11
30027,DR,2020,3,3,0,0,3
30027,DR,2021,5,5,0,0,5
30027,DR,2022,2,2,0,0,2
30027,MB,2016,6,6,0,0,6
30027,MB,2017,2,2,0,0,2
30027,MB,2018,1,0,1,0,1
30027,MB,2019,4,4,0,0,4
30027,MB,2020,1,0,1,0,1
30027,MB,2021,3,3,0,0,3
30030,DR,2016,31,30,1,0,31
30030,DR,2017,24,20,3,1,24
30030,DR,2018,28,28,0,0,28
30030,DR,2019,40,40,0,0,40
30030,DR,2020,8,8,0,0,8
30030,DR,2021,8,8,0,0,8
30030,DR,2022,1,0,0,0,0
30030,HR,2016,380,256,12,0,268
30030,HR,2017,374,236,33,4,273
30030,HR,2018,357,246,47,1,294
30030,HR,2019,374,232,72,0,304
30030,HR,2020,173,102,32,0,134
30030,HR,2021,176,90,45,0,135
30030,HR,2022,178,115,33,0,148
30030,MB,2016,121,109,10,1,120
30030,MB,2017,145,124,17,1,142
30030,MB,2018,187,158,26,3,187
30030,MB,2019,189,143,44,0,187
30030,MB,2020,84,65,16,2,83
30030,MB,2021,113,85,28,0,113
30030,MB,2022,124,98,24,2,124
30034,DR,2016,37,37,0,0,37
30034,DR,2017,36,36,0,0,36
30034,DR,2018,37,37,0,0,37
30034,DR,2019,66,66,0,0,66
30034,DR,2020,24,24,0,0,24
30034,DR,2021,15,15,0,0,15
30034,DR,2022,15,15,0,0,15
30034,HR,2016,25,25,0,0,25
30034,HR,2017,23,21,0,0,21
30034,HR,2018,40,39,1,0,40
30034,HR,2019,49,49,0,0,49
30034,HR,2020,58,54,1,0,55
30034,HR,2021,35,34,0,0,34
30034,HR,2022,16,15,0,0,15
30034,LR,2017,5,5,0,0,5
30034,LR,2018,15,15,0,0,15
30034,LR,2019,8,8,0,0,8
30034,LR,2020,6,6,0,0,6
30034,LR,2021,1,1,0,0,1
30034,LR,2022,2,1,0,0,1
30034,MB,2016,103,102,0,0,102
30034,MB,2017,62,62,0,0,62
30034,MB,2018,78,78,0,0,78
30034,MB,2019,93,93,0,0,93
30034,MB,2020,44,42,0,0,42
30034,MB,2021,59,59,0,0,59
30034,MB,2022,46,45,0,0,45
30035,MB,2016,2,2,0,0,2
30044,DR,2016,1,1,0,0,1
30044,DR,2018,1,0,0,1,1
30044,DR,2019,1,1,0,0,1
30044,DR,2021,1,1,0,0,1
30044,MB,2020,1,1,0,0,1
30045,DR,2018,7,6,1,0,7
30048,DR,2019,2,1,1,0,2
30048,DR,2020,2,1,1,0,2
30048,DR,2021,7,1,5,1,7
30048,MB,2018,8,3,5,0,8
30048,MB,2019,15,6,8,0,14
30048,MB,2020,6,2,4,0,6
30048,MB,2021,17,4,13,0,17
30051,DR,2021,6,6,0,0,6
30051,DR,2022,25,21,3,1,25
30051,MB,2016,25,25,0,0,25
30051,MB,2017,25,25,0,0,25
30051,MB,2018,30,29,0,1,30
30051,MB,2019,34,33,0,0,33
30051,MB,2020,17,17,0,0,17
30051,MB,2021,16,16,0,0,16
30051,MB,2022,14,12,1,1,14
30054,MB,2019,1,1,0,0,1
30054,MB,2022,1,1,0,0,1
30055,DR,2016,1,1,0,0,1
30061,MB,2019,2,0,0,0,0
30068,MB,2016,18,5,12,0,17
30068,MB,2017,16,9,5,0,14
30068,MB,2018,8,5,2,0,7
30068,MB,2019,9,6,2,0,8
30068,MB,2020,6,4,2,0,6
30068,MB,2021,18,11,7,0,18
30068,MB,2022,6,5,1,0,6
30070,MB,2016,2,2,0,0,2
30070,MB,2017,1,1,0,0,1
30070,MB,2018,1,1,0,0,1
30070,MB,2020,1,1,0,0,1
30070,MB,2021,1,1,0,0,1
30070,MB,2022,5,5,0,0,5
30071,MB,2018,2,2,0,0,2
30071,MB,2019,4,4,0,0,4
30071,MB,2020,6,3,3,0,6
30071,MB,2021,2,1,1,0,2
30071,MB,2022,7,7,0,0,7
30072,DR,2019,1,1,0,0,1
30072,DR,2022,2,2,0,0,2
30072,MB,2016,1,0,0,0,0
30072,MB,2019,1,1,0,0,1
30072,MB,2020,2,1,0,1,2
30072,MB,2022,1,1,0,0,1
30075,DR,2016,22,18,4,0,22
30075,DR,2017,16,11,4,0,15
30075,DR,2018,13,9,4,0,13
30075,DR,2019,12,12,0,0,12
30075,DR,2020,6,5,1,0,6
30075,DR,2021,5,4,1,0,5
30075,DR,2022,8,7,1,0,8
30075,MB,2016,33,31,2,0,33
30075,MB,2017,34,30,2,0,32
30075,MB,2018,42,40,1,0,41
30075,MB,2019,19,19,0,0,19
30075,MB,2020,22,22,0,0,22
30075,MB,2021,19,18,1,0,19
30075,MB,2022,28,25,1,0,26
30076,DR,2019,1,1,0,0,1
30076,MB,2016,2,2,0,0,2
30076,MB,2017,2,1,0,0,1
30076,MB,2018,6,5,1,0,6
30076,MB,2019,8,7,1,0,8
30076,MB,2020,1,1,0,0,1
30077,MB,2016,3,2,1,0,3
30077,MB,2018,6,6,0,0,6
30077,MB,2019,1,1,0,0,1
30077,MB,2020,3,3,0,0,3
30077,MB,2021,1,1,0,0,1
30080,DR,2016,1,1,0,0,1
30080,DR,2017,2,2,0,0,2
30080,DR,2018,1,1,0,0,1
30080,MB,2016,5,3,2,0,5
30080,MB,2017,4,4,0,0,4
30080,MB,2018,2,1,1,0,2
30080,MB,2019,2,2,0,0,2
30080,MB,2020,2,0,2,0,2
30080,MB,2021,2,1,1,0,2
30080,MB,2022,5,4,1,0,5
30081,CB,2019,1,0,0,0,0
30083,DR,2022,1,1,0,0,1
30083,FB,2018,1,1,0,0,1
30083,LR,2019,1,1,0,0,1
30083,LR,2020,2,0,0,0,0
30083,LR,2021,3,0,0,0,0
30083,LR,2022,2,2,0,0,2
30083,MB,2016,59,50,5,0,55
30083,MB,2017,37,29,6,0,35
30083,MB,2018,38,31,3,0,34
30083,MB,2019,36,34,1,0,35
30083,MB,2020,35,32,2,0,34
30083,MB,2021,45,39,4,0,43
30083,MB,2022,46,43,1,0,44
30083,VP,2018,1,1,0,0,1
30083,VP,2021,2,2,0,0,2
30085,DR,2017,1,1,0,0,1
30085,DR,2018,1,1,0,0,1
30085,MB,2016,2,2,0,0,2
30085,MB,2017,3,3,0,0,3
30085,MB,2019,1,1,0,0,1
30088,DR,2018,1,1,0,0,1
30088,DR,2022,1,1,0,0,1
30088,MB,2016,2,2,0,0,2
30088,MB,2017,1,1,0,0,1
30088,MB,2018,1,1,0,0,1
30088,MB,2021,1,1,0,0,1
30088,MB,2022,2,2,0,0,2
30091,DR,2017,1,1,0,0,1
30091,DR,2022,1,1,0,0,1
30091,MB,2016,1,1,0,0,1
30091,MB,2017,2,2,0,0,2
30091,MB,2020,1,1,0,0,1
30091,MB,2021,3,3,0,0,3
30091,MB,2022,1,1,0,0,1
30094,DR,2018,2,0,2,0,2
30094,MB,2016,1,1,0,0,1
30094,MB,2018,3,0,2,1,3
30094,MB,2019,2,0,2,0,2
30095,DR,2017,1,1,0,0,1
30095,MB,2017,1,1,0,0,1
30095,MB,2018,1,1,0,0,1
30095,MB,2020,1,1,0,0,1
30096,DR,2019,1,1,0,0,1
30096,DR,2021,1,1,0,0,1
30096,DR,2022,2,2,0,0,2
30096,MB,2016,1,0,0,0,0
30096,MB,2020,1,1,0,0,1
30107,MG,2016,8,2,5,0,7
30107,MG,2017,2,1,1,0,2
30107,MG,2018,9,2,7,0,9
30107,MG,2019,1,0,1,0,1
30107,MG,2020,3,2,1,0,3
30107,MG,2021,1,0,0,0,0
30107,MG,2022,2,1,0,0,1
30111,DR,2016,11,11,0,0,11
30111,DR,2017,8,8,0,0,8
30111,DR,2018,8,8,0,0,8
30111,DR,2019,5,5,0,0,5
30111,DR,2020,1,1,0,0,1
30111,DR,2021,1,0,1,0,1
30111,DR,2022,2,1,1,0,2
30111,MB,2017,1,1,0,0,1
30111,MB,2018,2,2,0,0,2
30112,MB,2016,1,1,0,0,1
30112,MB,2017,4,2,0,0,2
30112,MB,2021,10,9,0,1,10
30112,MB,2022,11,11,0,0,11
30112,SR,2021,2,1,1,0,2
30112,SR,2022,2,0,2,0,2
30201,FB,2018,1,0,0,0,0
30201,MB,2016,3,3,0,0,3
30201,MB,2018,2,1,1,0,2
30201,MB,2019,9,1,8,0,9
30201,MB,2021,3,3,0,0,3
30202,DR,2016,5,5,0,0,5
30202,DR,2017,6,5,1,0,6
30202,DR,2018,15,13,2,0,15
30202,DR,2019,11,9,2,0,11
30202,DR,2020,5,5,0,0,5
30202,DR,2021,8,8,0,0,8
30202,DR,2022,7,7,0,0,7
30202,MB,2016,5,5,0,0,5
30202,MB,2017,14,12,1,0,13
30202,MB,2018,17,12,4,1,17
30202,MB,2019,11,11,0,0,11
30202,MB,2020,5,5,0,0,5
30202,MB,2021,5,5,0,0,5
30202,MB,2022,18,18,0,0,18
30205,DR,2022,5,1,4,0,5
30205,MB,2022,10,3,6,0,9
40001,MB,2017,1,0,0,0,0
40001,MB,2022,2,2,0,0,2
40002,DR,2017,1,1,0,0,1
40002,DR,2018,1,1,0,0,1
40002,DR,2019,2,0,2,0,2
40002,MB,2016,7,6,0,0,6
40002,MB,2017,14,14,0,0,14
40002,MB,2018,5,3,2,0,5
40002,MB,2020,7,5,2,0,7
40002,MB,2021,1,1,0,0,1
40002,MB,2022,2,2,0,0,2
40003,DR,2016,5,5,0,0,5
40003,DR,2017,9,8,1,0,9
40003,DR,2018,3,3,0,0,3
40003,DR,2019,3,3,0,0,3
40003,DR,2020,4,4,0,0,4
40003,DR,2021,3,3,0,0,3
40003,DR,2022,2,1,1,0,2
40003,MB,2016,25,25,0,0,25
40003,MB,2017,26,20,5,0,25
40003,MB,2018,17,15,2,0,17
40003,MB,2019,9,9,0,0,9
40003,MB,2020,12,11,0,0,11
40003,MB,2021,10,10,0,0,10
40003,MB,2022,6,6,0,0,6
40003,SR,2018,1,0,1,0,1
40003,SR,2019,2,2,0,0,2
40003,SR,2021,2,2,0,0,2
40003,SR,2022,3,3,0,0,3
40004,DR,2016,1,1,0,0,1
40004,DR,2017,3,3,0,0,3
40004,DR,2018,2,2,0,0,2
40004,DR,2019,4,4,0,0,4
40004,DR,2020,3,1,2,0,3
40004,DR,2021,8,6,2,0,8
40004,DR,2022,2,2,0,0,2
40004,MB,2016,13,10,3,0,13
40004,MB,2017,24,23,1,0,24
40004,MB,2018,16,15,1,0,16
40004,MB,2019,18,18,0,0,18
40004,MB,2020,17,16,1,0,17
40004,MB,2021,21,18,3,0,21
40004,MB,2022,5,5,0,0,5
40005,MB,2016,1,1,0,0,1
40005,MB,2018,2,1,1,0,2
40005,MB,2020,2,2,0,0,2
40006,DR,2016,1,1,0,0,1
40006,DR,2017,1,1,0,0,1
40006,MB,2016,3,1,0,1,2
40006,MB,2017,4,2,2,0,4
40006,MB,2018,2,2,0,0,2
40006,MB,2019,2,2,0,0,2
40006,MB,2021,1,1,0,0,1
40007,DR,2021,1,1,0,0,1
40007,MB,2016,7,7,0,0,7
40007,MB,2017,4,3,1,0,4
40007,MB,2018,12,11,0,0,11
40007,MB,2019,24,23,1,0,24
40007,MB,2020,11,10,1,0,11
40007,MB,2021,5,5,0,0,5
40007,MB,2022,2,1,0,0,1
40008,CB,2016,4,1,3,0,4
40008,CB,2017,13,7,5,0,12
40008,CB,2018,1,1,0,0,1
40008,CB,2019,2,0,2,0,2
40008,CB,2020,2,0,2,0,2
40008,CB,2022,1,0,1,0,1
40008,DR,2016,10,8,1,0,9
40008,DR,2017,10,8,2,0,10
40008,DR,2018,13,8,5,0,13
40008,DR,2019,8,5,2,0,7
40008,DR,2020,8,6,2,0,8
40008,DR,2021,7,5,2,0,7
40008,DR,2022,4,1,3,0,4
40008,LR,2017,2,0,1,0,1
40008,LR,2018,5,3,2,0,5
40008,LR,2019,4,4,0,0,4
40008,LR,2020,3,2,0,0,2
40008,LR,2021,39,6,1,0,7
40008,LR,2022,10,2,5,2,9
40008,MB,2016,51,36,14,0,50
40008,MB,2017,73,55,17,0,72
40008,MB,2018,52,41,11,0,52
40008,MB,2019,52,33,18,0,51
40008,MB,2020,51,33,17,0,50
40008,MB,2021,49,26,22,0,48
40008,MB,2022,48,29,19,0,48
40008,SR,2022,3,1,1,0,2
40009,DR,2017,2,2,0,0,2
40009,DR,2018,5,4,0,1,5
40009,DR,2019,2,2,0,0,2
40009,DR,2020,1,1,0,0,1
40009,MB,2016,1,1,0,0,1
40009,MB,2017,5,5,0,0,5
40009,MB,2018,10,10,0,0,10
40009,MB,2019,19,16,3,0,19
40009,MB,2020,5,4,1,0,5
40009,MB,2021,1,1,0,0,1
40012,DR,2016,6,5,1,0,6
40012,DR,2017,5,4,1,0,5
40012,DR,2018,10,1,9,0,10
40012,DR,2019,14,12,2,0,14
40012,DR,2021,1,0,1,0,1
40012,DR,2022,4,1,3,0,4
40012,MB,2016,5,3,2,0,5
40012,MB,2017,20,7,13,0,20
40012,MB,2018,18,4,14,0,18
40012,MB,2019,13,10,2,1,13
40012,MB,2020,2,1,1,0,2
40012,MB,2021,10,0,10,0,10
40012,MB,2022,11,1,10,0,11
40014,DR,2022,2,2,0,0,2
40014,MB,2016,1,0,0,1,1
40014,MB,2017,2,2,0,0,2
40014,MB,2019,3,3,0,0,3
40014,MB,2020,4,4,0,0,4
40014,MB,2021,2,2,0,0,2
40014,MB,2022,10,8,0,1,9
40015,DR,2016,1,0,0,0,0
40015,DR,2017,9,7,0,0,7
40015,DR,2018,4,4,0,0,4
40015,DR,2019,2,2,0,0,2
40015,DR,2021,7,4,3,0,7
40015,DR,2022,12,8,4,0,12
40015,MB,2016,5,2,0,0,2
40015,MB,2017,9,7,0,0,7
40015,MB,2019,2,2,0,0,2
40015,MB,2021,7,6,1,0,7
40015,MB,2022,11,9,2,0,11
40017,DR,2022,1,1,0,0,1
40017,MB,2016,2,2,0,0,2
40017,MB,2017,3,3,0,0,3
40017,MB,2018,5,4,0,1,5
40017,MB,2019,6,6,0,0,6
40017,MB,2020,7,7,0,0,7
40017,MB,2021,6,6,0,0,6
40017,MB,2022,3,3,0,0,3
40018,DR,2016,4,4,0,0,4
40018,DR,2017,2,2,0,0,2
40018,DR,2018,12,12,0,0,12
40018,DR,2019,31,31,0,0,31
40018,DR,2021,3,3,0,0,3
40018,DR,2022,4,4,0,0,4
40018,MB,2016,28,27,1,0,28
40018,MB,2017,17,17,0,0,17
40018,MB,2018,56,55,1,0,56
40018,MB,2019,68,60,8,0,68
40018,MB,2020,47,38,9,0,47
40018,MB,2021,51,42,9,0,51
40018,MB,2022,46,31,15,0,46
40019,DR,2018,1,1,0,0,1
40019,DR,2019,1,1,0,0,1
40019,DR,2021,1,1,0,0,1
40019,DR,2022,1,1,0,0,1
40019,MB,2016,3,3,0,0,3
40019,MB,2018,2,2,0,0,2
40019,MB,2019,1,1,0,0,1
40019,MB,2020,2,2,0,0,2
40019,MB,2021,2,2,0,0,2
40021,DR,2018,1,1,0,0,1
40021,DR,2022,1,1,0,0,1
40021,MB,2016,7,7,0,0,7
40021,MB,2017,1,0,1,0,1
40021,MB,2018,4,0,4,0,4
40021,MB,2019,1,1,0,0,1
40021,MB,2021,2,1,1,0,2
40021,MB,2022,2,2,0,0,2
40022,DR,2016,12,12,0,0,12
40022,DR,2017,12,12,0,0,12
40022,DR,2018,11,11,0,0,11
40022,DR,2019,15,11,4,0,15
40022,DR,2020,4,4,0,0,4
40022,DR,2021,11,9,2,0,11
40022,DR,2022,13,11,1,1,13
40022,HR,2016,93,91,1,0,92
40022,HR,2017,101,81,14,0,95
40022,HR,2018,154,122,4,0,126
40022,HR,2019,164,93,4,0,97
40022,HR,2020,232,140,21,1,162
40022,HR,2021,175,115,15,0,130
40022,HR,2022,187,126,13,0,139
40022,MB,2016,62,61,1,0,62
40022,MB,2017,57,48,8,0,56
40022,MB,2018,96,95,0,0,95
40022,MB,2019,121,111,7,0,118
40022,MB,2020,155,142,11,0,153
40022,MB,2021,168,96,70,0,166
40022,MB,2022,159,137,19,0,156
40022,SR,2018,1,0,0,0,0
40022,SR,2019,2,2,0,0,2
40022,SR,2021,4,3,1,0,4
40025,DR,2016,3,3,0,0,3
40025,DR,2018,2,1,1,0,2
40025,DR,2019,11,2,9,0,11
40025,DR,2020,5,2,3,0,5
40025,DR,2021,2,2,0,0,2
40025,DR,2022,8,8,0,0,8
40025,FB,2019,1,1,0,0,1
40025,MB,2016,28,15,12,1,28
40025,MB,2017,5,1,4,0,5
40025,MB,2018,15,9,6,0,15
40025,MB,2019,3,3,0,0,3
40025,MB,2020,4,2,2,0,4
40025,MB,2021,2,1,1,0,2
40025,MB,2022,41,41,0,0,41
40026,DR,2017,1,1,0,0,1
40026,DR,2019,1,1,0,0,1
40026,MB,2016,1,1,0,0,1
40026,MB,2017,2,2,0,0,2
40026,MB,2018,1,1,0,0,1
40026,MB,2019,1,1,0,0,1
40026,MB,2020,1,0,0,1,1
40026,MB,2021,1,1,0,0,1
40026,MB,2022,2,2,0,0,2
40027,CB,2017,1,1,0,0,1
40027,DR,2016,1,1,0,0,1
40027,DR,2018,5,3,2,0,5
40027,DR,2019,3,3,0,0,3
40027,DR,2020,3,3,0,0,3
40027,DR,2021,1,1,0,0,1
40027,DR,2022,1,1,0,0,1
40027,MB,2016,48,47,0,0,47
40027,MB,2017,47,46,1,0,47
40027,MB,2018,40,37,2,1,40
40027,MB,2019,43,39,4,0,43
40027,MB,2020,42,41,1,0,42
40027,MB,2021,33,31,2,0,33
40027,MB,2022,27,27,0,0,27
40028,DR,2016,2,1,1,0,2
40028,DR,2017,3,1,2,0,3
40028,DR,2018,2,1,1,0,2
40028,DR,2019,3,2,1,0,3
40028,DR,2020,2,1,1,0,2
40028,MB,2016,13,11,2,0,13
40028,MB,2017,8,7,1,0,8
40028,MB,2018,11,6,2,0,8
40028,MB,2019,5,5,0,0,5
40028,MB,2020,10,8,2,0,10
40028,MB,2021,5,5,0,0,5
40028,MB,2022,7,6,1,0,7
40029,DR,2016,15,15,0,0,15
40029,DR,2017,26,26,0,0,26
40029,DR,2018,12,12,0,0,12
40029,DR,2019,14,14,0,0,14
40029,DR,2020,2,2,0,0,2
40029,DR,2021,2,2,0,0,2
40029,DR,2022,6,6,0,0,6
40029,MB,2016,74,74,0,0,74
40029,MB,2017,84,84,0,0,84
40029,MB,2018,62,61,1,0,62
40029,MB,2019,81,81,0,0,81
40029,MB,2020,61,60,1,0,61
40029,MB,2021,78,77,0,1,78
40029,MB,2022,72,72,0,0,72
40030,DR,2018,1,1,0,0,1
40030,DR,2019,1,1,0,0,1
40030,DR,2021,1,1,0,0,1
40030,MB,2018,6,6,0,0,6
40030,MB,2020,2,2,0,0,2
40030,MB,2021,1,1,0,0,1
40030,MB,2022,2,2,0,0,2
40031,DR,2016,4,4,0,0,4
40031,DR,2017,3,2,1,0,3
40031,DR,2018,2,0,1,0,1
40031,DR,2019,2,2,0,0,2
40031,DR,2020,1,1,0,0,1
40031,DR,2021,1,1,0,0,1
40031,MB,2016,2,2,0,0,2
40031,MB,2017,8,6,2,0,8
40031,MB,2018,8,6,2,0,8
40031,MB,2019,1,1,0,0,1
40031,MB,2020,1,1,0,0,1
40031,MB,2021,2,1,0,0,1
40032,DR,2016,6,4,0,1,5
40032,DR,2017,4,4,0,0,4
40032,DR,2018,5,5,0,0,5
40032,DR,2019,1,1,0,0,1
40032,DR,2020,4,4,0,0,4
40032,DR,2021,2,2,0,0,2
40032,DR,2022,2,2,0,0,2
40032,MB,2016,13,12,0,1,13
40032,MB,2017,28,28,0,0,28
40032,MB,2018,23,20,2,1,23
40032,MB,2019,15,14,0,1,15
40032,MB,2020,18,18,0,0,18
40032,MB,2021,15,14,0,1,15
40032,MB,2022,20,20,0,0,20
40034,HR,2016,62,60,0,0,60
40034,HR,2017,66,62,3,0,65
40034,HR,2018,82,80,2,0,82
40034,HR,2019,97,94,3,0,97
40034,HR,2020,96,94,2,0,96
40034,HR,2021,91,88,3,0,91
40034,HR,2022,74,72,2,0,74
40034,MB,2016,75,71,2,1,74
40034,MB,2017,93,85,2,0,87
40034,MB,2018,119,117,1,0,118
40034,MB,2019,131,126,3,0,129
40034,MB,2020,141,135,4,0,139
40034,MB,2021,138,133,4,0,137
40034,MB,2022,124,121,3,0,124
40034,MG,2016,54,51,3,0,54
40034,MG,2017,59,59,0,0,59
40034,MG,2018,67,66,1,0,67
40034,MG,2019,90,90,0,0,90
40034,MG,2020,93,90,1,0,91
40034,MG,2021,84,81,3,0,84
40034,MG,2022,71,69,2,0,71
40035,DR,2016,6,6,0,0,6
40035,DR,2017,11,11,0,0,11
40035,DR,2018,11,11,0,0,11
40035,DR,2019,3,3,0,0,3
40035,DR,2020,1,1,0,0,1
40035,DR,2022,4,4,0,0,4
40035,MB,2016,29,29,0,0,29
40035,MB,2017,78,78,0,0,78
40035,MB,2018,40,40,0,0,40
40035,MB,2019,31,30,0,1,31
40035,MB,2020,11,11,0,0,11
40035,MB,2021,8,8,0,0,8
40035,MB,2022,20,20,0,0,20
40035,RB,2017,4,4,0,0,4
40035,RB,2019,1,1,0,0,1
40035,RB,2021,2,2,0,0,2
40035,RB,2022,2,2,0,0,2
40036,DR,2016,2,2,0,0,2
40036,DR,2018,1,1,0,0,1
40036,DR,2019,5,5,0,0,5
40036,DR,2020,7,7,0,0,7
40036,DR,2021,8,8,0,0,8
40036,DR,2022,9,9,0,0,9
40036,MB,2016,11,10,1,0,11
40036,MB,2017,2,2,0,0,2
40036,MB,2018,6,6,0,0,6
40036,MB,2019,4,4,0,0,4
40036,MB,2020,12,12,0,0,12
40036,MB,2021,16,16,0,0,16
40036,MB,2022,10,9,0,0,9
40037,DR,2016,15,14,1,0,15
40037,DR,2017,11,11,0,0,11
40037,DR,2018,17,17,0,0,17
40037,DR,2019,12,12,0,0,12
40037,DR,2020,13,12,0,1,13
40037,DR,2021,11,11,0,0,11
40037,DR,2022,2,1,0,1,2
40037,MB,2016,43,42,1,0,43
40037,MB,2017,20,20,0,0,20
40037,MB,2018,23,23,0,0,23
40037,MB,2019,16,16,0,0,16
40037,MB,2020,6,6,0,0,6
40037,MB,2021,8,8,0,0,8
40037,MB,2022,4,4,0,0,4
40038,DR,2019,1,1,0,0,1
40038,DR,2020,2,2,0,0,2
40038,MB,2019,17,17,0,0,17
40038,MB,2021,2,2,0,0,2
40038,MB,2022,2,1,1,0,2
40040,DR,2016,14,14,0,0,14
40040,DR,2017,5,3,2,0,5
40040,DR,2018,6,6,0,0,6
40040,DR,2019,3,3,0,0,3
40040,DR,2021,2,0,0,0,0
40040,DR,2022,2,2,0,0,2
40040,FB,2019,2,0,2,0,2
40040,MB,2016,39,39,0,0,39
40040,MB,2017,43,35,8,0,43
40040,MB,2018,25,20,3,1,24
40040,MB,2019,28,26,1,0,27
40040,MB,2020,23,21,0,0,21
40040,MB,2021,15,12,1,0,13
40040,MB,2022,28,24,2,0,26
40040,MG,2016,1,1,0,0,1
40040,MG,2017,3,2,1,0,3
40040,MG,2018,3,2,1,0,3
40040,MG,2019,2,1,1,0,2
40040,MG,2020,3,0,3,0,3
40040,MG,2021,2,2,0,0,2
40040,MG,2022,5,0,0,0,0
40041,DR,2016,2,2,0,0,2
40041,DR,2017,4,4,0,0,4
40041,DR,2018,1,1,0,0,1
40041,DR,2020,2,2,0,0,2
40041,DR,2021,4,4,0,0,4
40041,DR,2022,1,1,0,0,1
40041,MB,2016,33,31,0,2,33
40041,MB,2017,51,49,1,0,50
40041,MB,2018,45,42,2,1,45
40041,MB,2019,32,31,1,0,32
40041,MB,2020,22,22,0,0,22
40041,MB,2021,15,15,0,0,15
40041,MB,2022,20,18,2,0,20
40041,SR,2016,1,0,0,1,1
40041,SR,2017,1,0,0,1,1
40041,SR,2022,2,2,0,0,2
40042,DR,2016,8,8,0,0,8
40042,DR,2017,3,3,0,0,3
40042,DR,2018,9,9,0,0,9
40042,DR,2019,2,2,0,0,2
40042,DR,2020,5,5,0,0,5
40042,MB,2016,18,18,0,0,18
40042,MB,2017,16,16,0,0,16
40042,MB,2018,9,7,0,0,7
40042,MB,2019,17,16,0,0,16
40042,MB,2020,7,7,0,0,7
40042,MB,2021,1,1,0,0,1
40043,MB,2022,2,2,0,0,2
40044,DR,2021,1,1,0,0,1
40046,DR,2018,1,0,1,0,1
40046,DR,2019,4,3,1,0,4
40046,DR,2020,1,1,0,0,1
40046,DR,2021,2,1,1,0,2
40046,DR,2022,2,1,0,1,2
40046,MB,2016,7,3,1,3,7
40046,MB,2017,10,7,1,2,10
40046,MB,2018,7,7,0,0,7
40046,MB,2019,4,3,0,1,4
40046,MB,2021,9,9,0,0,9
40046,MB,2022,10,7,0,3,10
40051,MB,2016,5,5,0,0,5
40051,MB,2017,1,1,0,0,1
40053,DR,2020,1,1,0,0,1
40053,MB,2016,11,11,0,0,11
40053,MB,2017,5,5,0,0,5
40053,MB,2018,6,6,0,0,6
40053,MB,2019,1,1,0,0,1
40053,MB,2020,6,6,0,0,6
40053,MB,2021,7,7,0,0,7
40053,MB,2022,4,4,0,0,4
40057,DR,2019,1,1,0,0,1
40057,DR,2020,1,1,0,0,1
40057,DR,2022,3,3,0,0,3
40057,MB,2019,5,3,0,2,5
40057,MB,2020,3,3,0,0,3
40057,MB,2021,1,1,0,0,1
40058,DR,2021,1,1,0,0,1
40058,DR,2022,2,2,0,0,2
40058,MB,2016,2,1,0,0,1
40058,MB,2018,2,2,0,0,2
40058,MB,2021,1,1,0,0,1
40058,MB,2022,2,0,2,0,2
40063,DR,2016,1,1,0,0,1
40063,DR,2017,6,6,0,0,6
40063,DR,2018,1,1,0,0,1
40063,DR,2019,2,2,0,0,2
40063,DR,2020,3,3,0,0,3
40063,MB,2016,15,12,3,0,15
40063,MB,2017,21,21,0,0,21
40063,MB,2018,19,16,3,0,19
40063,MB,2019,14,14,0,0,14
40063,MB,2020,14,12,2,0,14
40063,MB,2021,9,9,0,0,9
40063,MB,2022,1,1,0,0,1
40068,DR,2016,1,1,0,0,1
40068,DR,2018,4,4,0,0,4
40068,DR,2019,1,1,0,0,1
40068,DR,2022,1,1,0,0,1
40071,DR,2017,1,1,0,0,1
40071,DR,2020,3,1,0,2,3
40071,MB,2017,1,1,0,0,1
40071,MB,2018,1,0,0,1,1
40074,DR,2017,1,0,1,0,1
40074,DR,2018,5,5,0,0,5
40074,DR,2019,6,5,1,0,6
40074,DR,2021,1,1,0,0,1
40074,MB,2016,1,1,0,0,1
40074,MB,2017,5,5,0,0,5
40074,MB,2018,17,17,0,0,17
40074,MB,2019,3,3,0,0,3
40074,MB,2020,3,3,0,0,3
40074,MB,2022,3,2,1,0,3
40078,CB,2017,1,1,0,0,1
40078,CB,2019,1,0,0,0,0
40078,CB,2021,1,0,0,0,0
40078,DR,2016,3,3,0,0,3
40078,DR,2017,2,2,0,0,2
40078,DR,2018,1,1,0,0,1
40078,DR,2019,3,2,0,0,2
40078,DR,2020,1,1,0,0,1
40078,MB,2016,2,2,0,0,2
40078,MB,2017,9,9,0,0,9
40078,MB,2018,6,6,0,0,6
40078,MB,2019,4,2,0,0,2
40082,MB,2022,1,1,0,0,1
40086,DR,2016,1,1,0,0,1
40086,DR,2017,1,1,0,0,1
40086,DR,2018,4,4,0,0,4
40086,DR,2020,3,2,0,0,2
40086,DR,2022,1,1,0,0,1
40086,MB,2016,19,17,0,0,17
40086,MB,2017,11,11,0,0,11
40086,MB,2018,13,12,0,0,12
40086,MB,2019,10,9,0,0,9
40086,MB,2020,7,7,0,0,7
40086,MB,2021,6,6,0,0,6
40086,MB,2022,8,8,0,0,8
40087,DR,2016,4,0,4,0,4
40087,DR,2017,10,4,6,0,10
40087,DR,2018,5,0,5,0,5
40087,DR,2019,1,0,1,0,1
40087,DR,2020,1,1,0,0,1
40087,MB,2016,18,13,1,4,18
40087,MB,2017,29,29,0,0,29
40087,MB,2018,21,21,0,0,21
40087,MB,2019,31,31,0,0,31
40087,MB,2020,15,15,0,0,15
40087,MB,2021,35,34,1,0,35
40087,MB,2022,7,5,0,1,6
40093,DR,2016,10,9,1,0,10
40093,DR,2017,3,3,0,0,3
40093,DR,2018,1,0,1,0,1
40093,DR,2019,3,3,0,0,3
40093,DR,2020,5,5,0,0,5
40093,DR,2021,1,1,0,0,1
40093,DR,2022,3,3,0,0,3
40093,MB,2016,17,13,4,0,17
40093,MB,2017,15,14,1,0,15
40093,MB,2018,11,10,1,0,11
40093,MB,2019,7,7,0,0,7
40093,MB,2020,11,11,0,0,11
40093,MB,2021,3,3,0,0,3
40093,MB,2022,4,4,0,0,4
40094,HR,2016,19,17,2,0,19
40094,HR,2017,12,11,1,0,12
40094,HR,2018,22,21,0,1,22
40094,HR,2019,26,26,0,0,26
40094,HR,2020,17,15,2,0,17
40094,HR,2021,52,48,2,0,50
40094,HR,2022,55,55,0,0,55
40094,MB,2016,2,2,0,0,2
40094,MB,2018,3,3,0,0,3
40094,MB,2021,1,1,0,0,1
40097,DR,2016,3,3,0,0,3
40097,DR,2017,4,4,0,0,4
40097,DR,2018,3,3,0,0,3
40097,DR,2019,1,1,0,0,1
40097,MB,2018,2,1,1,0,2
40097,MB,2019,1,1,0,0,1
40100,DR,2022,1,1,0,0,1
40100,MB,2016,1,0,0,0,0
40100,MB,2017,1,1,0,0,1
40100,MB,2019,2,2,0,0,2
40100,MB,2021,3,3,0,0,3
40100,MB,2022,1,1,0,0,1
40104,DR,2017,3,3,0,0,3
40104,DR,2018,1,1,0,0,1
40104,MB,2016,1,1,0,0,1
40104,MB,2017,11,9,1,0,10
40104,MB,2018,4,4,0,0,4
40105,PB,2016,1,1,0,0,1
40105,PB,2017,1,1,0,0,1
40105,PB,2018,1,1,0,0,1
40105,PB,2019,3,2,0,0,2
40105,PB,2020,3,2,0,0,2
40105,PB,2021,1,1,0,0,1
40105,PB,2022,2,1,0,1,2
40108,MB,2019,1,1,0,0,1
40108,MB,2020,1,1,0,0,1
40108,MB,2021,3,3,0,0,3
40108,MB,2022,1,1,0,0,1
40110,DR,2021,5,5,0,0,5
40110,DR,2022,5,5,0,0,5
40110,MB,2016,5,5,0,0,5
40110,MB,2017,3,2,0,0,2
40110,MB,2018,5,4,0,0,4
40110,MB,2019,6,6,0,0,6
40110,MB,2020,2,2,0,0,2
40110,MB,2021,12,12,0,0,12
40110,MB,2022,17,17,0,0,17
40120,DR,2016,1,1,0,0,1
40128,DR,2018,5,5,0,0,5
40128,DR,2019,2,2,0,0,2
40128,MB,2016,1,0,0,1,1
40128,MB,2018,3,3,0,0,3
40129,DR,2016,1,1,0,0,1
40129,DR,2017,4,4,0,0,4
40129,DR,2018,2,2,0,0,2
40138,CB,2017,3,3,0,0,3
40138,DR,2017,4,4,0,0,4
40138,DR,2020,1,1,0,0,1
40138,MB,2017,2,2,0,0,2
40138,MB,2018,1,1,0,0,1
40138,MB,2019,2,2,0,0,2
40138,MB,2022,1,1,0,0,1
40140,DR,2016,1,1,0,0,1
40140,DR,2017,2,1,1,0,2
40140,DR,2018,1,1,0,0,1
40140,DR,2019,1,1,0,0,1
40140,DR,2020,4,4,0,0,4
40140,DR,2022,3,3,0,0,3
40140,MB,2016,5,2,1,2,5
40140,MB,2017,3,2,1,0,3
40140,MB,2019,3,3,0,0,3
40140,MB,2020,3,3,0,0,3
40140,MB,2022,6,6,0,0,6
40141,DR,2016,1,0,0,1,1
40141,DR,2017,1,1,0,0,1
40141,DR,2018,1,1,0,0,1
40141,DR,2019,1,1,0,0,1
40141,MB,2016,6,3,1,1,5
40141,MB,2017,8,8,0,0,8
40141,MB,2018,6,5,1,0,6
40141,MB,2019,3,3,0,0,3
40141,MB,2020,6,6,0,0,6
40147,MB,2021,1,0,0,0,0
40147,MB,2022,1,0,0,1,1
40158,DR,2016,1,1,0,0,1
40158,DR,2017,4,4,0,0,4
40158,DR,2018,3,2,1,0,3
40158,DR,2019,3,2,1,0,3
40158,DR,2020,1,0,1,0,1
40158,MB,2016,3,3,0,0,3
40158,MB,2017,5,4,1,0,5
40158,MB,2018,5,4,1,0,5
40158,MB,2019,1,1,0,0,1
40158,MB,2022,1,1,0,0,1
40171,DR,2016,1,1,0,0,1
40171,DR,2017,1,1,0,0,1
40171,DR,2018,1,1,0,0,1
40171,DR,2020,1,1,0,0,1
40171,DR,2021,2,1,1,0,2
40171,DR,2022,1,1,0,0,1
40172,DR,2016,1,1,0,0,1
40172,DR,2017,2,1,1,0,2
40172,DR,2018,2,0,2,0,2
40172,DR,2019,4,2,2,0,4
40172,DR,2021,1,1,0,0,1
40172,DR,2022,1,1,0,0,1
40172,MB,2020,2,0,2,0,2
40175,FB,2016,1,0,1,0,1
40175,FB,2018,2,0,2,0,2
40175,FB,2019,1,1,0,0,1
40175,FB,2022,16,0,16,0,16
40180,MB,2016,2,2,0,0,2
40180,MB,2017,3,3,0,0,3
40180,MB,2022,3,0,3,0,3
40185,DR,2016,1,1,0,0,1
40185,DR,2017,1,1,0,0,1
40185,MB,2016,3,3,0,0,3
40185,MB,2017,4,4,0,0,4
40192,MB,2018,1,0,0,1,1
40203,VP,2018,1,1,0,0,1
40208,MB,2017,1,1,0,0,1
40208,MB,2022,1,0,0,0,0
40222,DR,2016,12,6,6,0,12
40222,DR,2017,5,3,2,0,5
40222,DR,2018,6,3,3,0,6
40222,DR,2019,1,1,0,0,1
40222,DR,2020,2,2,0,0,2
40222,DR,2022,2,1,1,0,2
40224,DR,2016,4,2,0,0,2
40224,DR,2017,4,3,1,0,4
40224,DR,2019,1,1,0,0,1
40224,DR,2020,1,1,0,0,1
40228,DR,2018,1,1,0,0,1
40228,DR,2019,17,12,5,0,17
40228,DR,2020,7,5,2,0,7
40228,DR,2021,8,5,2,0,7
40228,DR,2022,8,5,3,0,8
40230,SR,2016,4,1,3,0,4
40230,SR,2017,1,0,1,0,1
40245,DR,2016,3,2,0,0,2
40245,DR,2017,2,2,0,0,2
40259,MB,2017,1,1,0,0,1
40928,DR,2016,1,0,1,0,1
40928,DR,2017,4,0,4,0,4
40928,DR,2018,1,0,1,0,1
40928,DR,2020,1,1,0,0,1
40928,DR,2021,3,1,2,0,3
40928,DR,2022,1,1,0,0,1
40950,DR,2017,3,1,2,0,3
40950,DR,2018,1,0,1,0,1
40950,DR,2019,2,2,0,0,2
40950,DR,2020,1,1,0,0,1
40950,DR,2022,1,1,0,0,1
41199,DR,2020,4,3,1,0,4
41199,DR,2021,3,3,0,0,3
41199,DR,2022,3,3,0,0,3
41199,MB,2020,1,1,0,0,1
41199,MB,2021,8,7,1,0,8
41199,MB,2022,2,2,0,0,2
42000,VP,2022,3,0,0,0,0
44929,MB,2021,2,0,1,1,2
50001,MB,2016,1,1,0,0,1
50002,MB,2020,2,2,0,0,2
50002,MB,2022,1,1,0,0,1
50003,MB,2019,1,1,0,0,1
50005,DR,2021,1,1,0,0,1
50005,MB,2017,9,9,0,0,9
50005,MB,2018,7,7,0,0,7
50005,MB,2019,8,8,0,0,8
50005,MB,2021,3,3,0,0,3
50005,MB,2022,4,4,0,0,4
50006,DR,2017,1,1,0,0,1
50006,DR,2022,3,1,0,0,1
50006,MB,2017,1,1,0,0,1
50006,MB,2020,2,1,0,0,1
50008,DR,2016,53,37,5,11,53
50008,DR,2017,40,37,3,0,40
50008,DR,2018,31,29,2,0,31
50008,DR,2019,38,38,0,0,38
50008,DR,2020,23,19,4,0,23
50008,DR,2021,10,9,1,0,10
50008,DR,2022,38,37,1,0,38
50008,MB,2016,52,52,0,0,52
50008,MB,2017,35,35,0,0,35
50008,MB,2018,48,48,0,0,48
50008,MB,2019,58,58,0,0,58
50008,MB,2020,44,44,0,0,44
50008,MB,2021,34,34,0,0,34
50008,MB,2022,31,31,0,0,31
50009,DR,2021,2,2,0,0,2
50009,MB,2019,2,2,0,0,2
50009,MB,2020,6,5,1,0,6
50009,MB,2021,10,9,0,1,10
50009,MB,2022,4,1,3,0,4
50010,DR,2017,2,2,0,0,2
50010,DR,2020,2,2,0,0,2
50010,DR,2021,2,2,0,0,2
50010,MB,2016,4,4,0,0,4
50010,MB,2018,2,2,0,0,2
50010,MB,2019,3,3,0,0,3
50010,MB,2020,4,4,0,0,4
50010,MB,2021,2,2,0,0,2
50011,DR,2016,1,1,0,0,1
50011,DR,2018,6,5,1,0,6
50011,DR,2019,10,6,4,0,10
50011,DR,2020,9,8,1,0,9
50011,DR,2021,4,3,1,0,4
50011,DR,2022,5,3,2,0,5
50011,MB,2016,1,1,0,0,1
50011,MB,2018,15,13,2,0,15
50011,MB,2019,25,23,2,0,25
50011,MB,2020,15,11,4,0,15
50011,MB,2021,19,15,4,0,19
50011,MB,2022,14,12,2,0,14
50012,DR,2016,16,16,0,0,16
50012,DR,2018,11,9,0,0,9
50012,DR,2019,9,9,0,0,9
50012,DR,2020,1,1,0,0,1
50012,DR,2022,10,10,0,0,10
50012,MB,2016,10,7,0,0,7
50012,MB,2017,8,4,0,0,4
50012,MB,2018,9,6,0,0,6
50012,MB,2019,16,15,0,0,15
50012,MB,2020,12,11,0,0,11
50012,MB,2021,15,15,0,0,15
50012,MB,2022,12,12,0,0,12
50012,SR,2017,1,1,0,0,1
50015,DR,2016,5,5,0,0,5
50015,DR,2017,7,7,0,0,7
50015,DR,2018,10,9,1,0,10
50015,DR,2019,10,8,2,0,10
50015,DR,2020,7,5,2,0,7
50015,DR,2021,8,8,0,0,8
50015,DR,2022,5,5,0,0,5
50015,HR,2016,12,12,0,0,12
50015,HR,2017,11,11,0,0,11
50015,HR,2018,13,11,2,0,13
50015,HR,2019,24,18,0,0,18
50015,HR,2020,9,7,1,0,8
50015,HR,2021,7,6,1,0,7
50015,HR,2022,8,8,0,0,8
50015,LR,2016,6,4,0,0,4
50015,LR,2017,4,4,0,0,4
50015,LR,2019,7,4,1,0,5
50015,LR,2020,2,2,0,0,2
50015,LR,2021,2,2,0,0,2
50015,LR,2022,1,1,0,0,1
50015,MB,2016,82,77,2,0,79
50015,MB,2017,60,56,2,0,58
50015,MB,2018,52,46,4,0,50
50015,MB,2019,58,49,3,0,52
50015,MB,2020,57,51,3,0,54
50015,MB,2021,54,52,0,0,52
50015,MB,2022,34,28,5,0,33
50015,RB,2016,8,8,0,0,8
50015,RB,2017,12,12,0,0,12
50015,RB,2018,13,11,1,0,12
50015,RB,2019,15,14,0,0,14
50015,RB,2020,7,7,0,0,7
50015,RB,2021,7,7,0,0,7
50015,RB,2022,6,6,0,0,6
50016,DR,2019,1,1,0,0,1
50016,DR,2020,1,1,0,0,1
50016,DR,2021,3,3,0,0,3
50016,DR,2022,1,1,0,0,1
50016,MB,2016,34,34,0,0,34
50016,MB,2017,24,23,0,0,23
50016,MB,2018,15,14,0,0,14
50016,MB,2019,31,31,0,0,31
50016,MB,2020,22,21,0,0,21
50016,MB,2021,20,20,0,0,20
50016,MB,2022,16,16,0,0,16
50017,DR,2016,2,2,0,0,2
50017,DR,2017,10,8,0,1,9
50017,DR,2018,29,27,2,0,29
50017,DR,2019,14,12,2,0,14
50017,DR,2020,5,5,0,0,5
50017,DR,2021,5,3,2,0,5
50017,DR,2022,2,0,2,0,2
50017,MB,2016,12,12,0,0,12
50017,MB,2017,20,12,2,0,14
50017,MB,2018,35,35,0,0,35
50017,MB,2019,30,26,4,0,30
50017,MB,2020,25,20,5,0,25
50017,MB,2021,7,4,2,0,6
50017,MB,2022,9,6,3,0,9
50017,TB,2016,1,1,0,0,1
50017,TB,2017,4,0,1,2,3
50017,TB,2018,1,0,1,0,1
50017,TB,2019,1,1,0,0,1
50017,TB,2020,2,1,0,1,2
50017,TB,2021,5,4,1,0,5
50020,MB,2016,5,4,1,0,5
50021,MB,2021,1,1,0,0,1
50022,DR,2017,2,0,1,0,1
50022,DR,2018,1,1,0,0,1
50022,DR,2019,2,2,0,0,2
50022,DR,2021,1,1,0,0,1
50022,DR,2022,2,2,0,0,2
50022,MB,2017,6,4,1,0,5
50022,MB,2018,1,1,0,0,1
50022,MB,2019,17,16,0,0,16
50022,MB,2020,3,1,2,0,3
50022,MB,2021,1,0,1,0,1
50022,MB,2022,1,1,0,0,1
50024,MB,2018,1,1,0,0,1
50024,MB,2022,7,7,0,0,7
50025,DR,2022,2,1,0,0,1
50025,MB,2018,1,1,0,0,1
50025,MB,2019,2,1,0,0,1
50025,MB,2020,3,3,0,0,3
50025,MB,2022,2,1,0,0,1
50026,MB,2017,1,1,0,0,1
50026,MB,2019,2,2,0,0,2
50026,MB,2020,3,3,0,0,3
50027,LR,2016,3,3,0,0,3
50027,LR,2017,3,2,0,0,2
50027,LR,2018,5,3,2,0,5
50027,LR,2019,4,3,0,1,4
50027,LR,2020,2,1,0,0,1
50027,LR,2021,4,3,0,0,3
50027,LR,2022,1,1,0,0,1
50027,MB,2016,60,59,0,0,59
50027,MB,2017,62,62,0,0,62
50027,MB,2018,56,55,0,0,55
50027,MB,2019,52,52,0,0,52
50027,MB,2020,46,45,1,0,46
50027,MB,2021,27,27,0,0,27
50027,MB,2022,34,34,0,0,34
50028,CB,2018,1,1,0,0,1
50028,DR,2016,1,1,0,0,1
50028,DR,2017,1,1,0,0,1
50028,DR,2018,4,4,0,0,4
50028,DR,2019,3,3,0,0,3
50028,MB,2016,1,1,0,0,1
50028,MB,2017,3,3,0,0,3
50028,MB,2018,4,4,0,0,4
50028,MB,2019,3,3,0,0,3
50028,MB,2020,1,1,0,0,1
50029,DR,2016,1,1,0,0,1
50029,DR,2017,1,1,0,0,1
50031,DR,2016,2,2,0,0,2
50031,DR,2017,16,15,0,0,15
50031,DR,2018,11,11,0,0,11
50031,DR,2019,11,10,1,0,11
50031,DR,2020,3,3,0,0,3
50031,DR,2021,1,1,0,0,1
50031,DR,2022,9,9,0,0,9
50031,MB,2016,12,10,0,0,10
50031,MB,2017,16,15,0,0,15
50031,MB,2018,20,20,0,0,20
50031,MB,2019,10,10,0,0,10
50031,MB,2020,8,8,0,0,8
50031,MB,2021,9,9,0,0,9
50031,MB,2022,12,12,0,0,12
50032,DR,2016,5,4,1,0,5
50032,DR,2017,7,4,3,0,7
50032,DR,2018,2,1,1,0,2
50032,DR,2019,10,6,4,0,10
50032,DR,2020,7,3,4,0,7
50032,DR,2021,11,7,4,0,11
50032,DR,2022,5,5,0,0,5
50032,MB,2016,9,5,2,0,7
50032,MB,2017,8,1,3,0,4
50032,MB,2018,14,8,4,0,12
50032,MB,2019,10,6,1,0,7
50032,MB,2020,4,2,2,0,4
50032,MB,2021,5,2,3,0,5
50032,MB,2022,7,4,3,0,7
50033,DR,2016,5,4,1,0,5
50033,DR,2017,3,3,0,0,3
50033,DR,2018,1,1,0,0,1
50033,DR,2019,2,2,0,0,2
50033,MB,2016,21,21,0,0,21
50033,MB,2017,43,42,1,0,43
50033,MB,2018,42,41,0,0,41
50033,MB,2019,19,19,0,0,19
50033,MB,2020,24,24,0,0,24
50033,MB,2021,9,9,0,0,9
50033,MB,2022,5,5,0,0,5
50033,RB,2016,3,3,0,0,3
50033,RB,2017,8,8,0,0,8
50033,RB,2018,2,2,0,0,2
50033,RB,2019,6,6,0,0,6
50033,RB,2020,6,6,0,0,6
50033,RB,2021,2,2,0,0,2
50033,RB,2022,4,4,0,0,4
50035,DR,2017,1,1,0,0,1
50035,DR,2019,6,4,2,0,6
50035,MB,2019,6,4,0,1,5
50035,MB,2020,3,3,0,0,3
50035,MB,2021,2,2,0,0,2
50035,MB,2022,10,7,3,0,10
50036,DR,2017,1,1,0,0,1
50036,DR,2018,2,2,0,0,2
50036,DR,2019,4,3,1,0,4
50036,MB,2017,4,3,1,0,4
50036,MB,2018,15,15,0,0,15
50036,MB,2019,3,2,1,0,3
50036,MB,2022,6,5,1,0,6
50040,DR,2016,1,1,0,0,1
50040,DR,2017,1,1,0,0,1
50040,DR,2020,2,2,0,0,2
50040,DR,2021,1,1,0,0,1
50040,MB,2016,4,4,0,0,4
50040,MB,2017,3,3,0,0,3
50040,MB,2018,10,10,0,0,10
50040,MB,2019,5,5,0,0,5
50040,MB,2020,4,4,0,0,4
50040,MB,2021,2,2,0,0,2
50043,DR,2021,2,1,0,1,2
50043,DR,2022,1,0,1,0,1
50043,MB,2016,4,3,1,0,4
50043,MB,2018,4,4,0,0,4
50043,MB,2019,1,1,0,0,1
50043,MB,2020,5,4,1,0,5
50043,MB,2021,5,3,1,1,5
50044,DR,2016,2,1,0,0,1
50044,DR,2018,1,1,0,0,1
50044,DR,2021,2,1,0,0,1
50044,MB,2016,4,3,0,0,3
50044,MB,2017,3,2,1,0,3
50044,MB,2018,1,1,0,0,1
50044,MB,2019,1,1,0,0,1
50044,MB,2020,2,2,0,0,2
50044,MB,2021,1,1,0,0,1
50044,MB,2022,3,3,0,0,3
50045,DR,2018,2,1,1,0,2
50045,DR,2019,1,1,0,0,1
50045,DR,2021,2,2,0,0,2
50045,MB,2016,5,4,1,0,5
50045,MB,2017,1,1,0,0,1
50045,MB,2018,1,1,0,0,1
50045,MB,2020,1,1,0,0,1
50045,MB,2021,1,1,0,0,1
50047,DR,2016,3,3,0,0,3
50047,DR,2017,1,1,0,0,1
50047,DR,2018,5,5,0,0,5
50047,DR,2019,1,0,1,0,1
50047,DR,2020,6,3,3,0,6
50047,DR,2021,1,1,0,0,1
50047,DR,2022,3,2,1,0,3
50047,MB,2016,10,7,3,0,10
50047,MB,2017,12,5,6,0,11
50047,MB,2018,4,2,2,0,4
50047,MB,2019,8,4,4,0,8
50047,MB,2020,7,7,0,0,7
50047,MB,2021,8,5,2,0,7
50047,MB,2022,1,1,0,0,1
50050,DR,2016,2,2,0,0,2
50050,DR,2017,2,2,0,0,2
50050,DR,2018,3,3,0,0,3
50050,DR,2019,9,9,0,0,9
50050,DR,2020,1,1,0,0,1
50050,DR,2021,3,3,0,0,3
50050,DR,2022,1,1,0,0,1
50050,MB,2016,36,36,0,0,36
50050,MB,2017,39,39,0,0,39
50050,MB,2018,44,41,1,2,44
50050,MB,2019,40,40,0,0,40
50050,MB,2020,16,15,0,1,16
50050,MB,2021,18,17,0,0,17
50050,MB,2022,22,20,2,0,22
50050,RB,2019,5,5,0,0,5
50050,RB,2020,9,7,1,1,9
50050,RB,2021,12,12,0,0,12
50050,RB,2022,5,5,0,0,5
50051,DR,2016,1,1,0,0,1
50051,MB,2016,5,4,0,1,5
50052,DR,2017,1,0,1,0,1
50052,DR,2019,2,2,0,0,2
50052,DR,2022,3,2,1,0,3
50052,MB,2018,1,0,0,1,1
50052,MB,2019,3,3,0,0,3
50052,MB,2022,4,3,1,0,4
50053,DR,2020,2,2,0,0,2
50053,MB,2016,1,1,0,0,1
50053,MB,2020,1,0,0,0,0
50053,MB,2021,1,1,0,0,1
50053,MB,2022,4,3,1,0,4
50054,DR,2018,1,1,0,0,1
50054,MB,2016,3,3,0,0,3
50056,DR,2019,3,3,0,0,3
50056,MB,2016,6,6,0,0,6
50056,MB,2017,1,1,0,0,1
50056,MB,2018,6,5,1,0,6
50056,MB,2019,3,3,0,0,3
50057,DR,2020,1,1,0,0,1
50057,DR,2021,1,1,0,0,1
50057,MB,2016,2,2,0,0,2
50057,MB,2017,4,4,0,0,4
50057,MB,2018,3,3,0,0,3
50057,MB,2019,4,4,0,0,4
50057,MB,2020,3,2,1,0,3
50057,MB,2021,8,7,1,0,8
50057,MB,2022,6,6,0,0,6
50058,MB,2016,3,2,0,0,2
50058,MB,2017,2,2,0,0,2
50058,MB,2020,1,1,0,0,1
50058,MB,2021,1,1,0,0,1
50059,DR,2017,1,1,0,0,1
50059,DR,2018,1,1,0,0,1
50059,DR,2019,4,4,0,0,4
50059,DR,2020,1,1,0,0,1
50059,DR,2021,1,1,0,0,1
50059,MB,2016,1,1,0,0,1
50059,MB,2017,2,2,0,0,2
50059,MB,2018,4,3,0,1,4
50059,MB,2019,4,4,0,0,4
50059,MB,2020,1,1,0,0,1
50059,MB,2022,5,5,0,0,5
50060,DR,2021,3,3,0,0,3
50060,DR,2022,5,3,2,0,5
50060,MB,2016,2,1,1,0,2
50060,MB,2017,3,3,0,0,3
50060,MB,2018,3,2,1,0,3
50060,MB,2019,6,6,0,0,6
50060,MB,2020,15,13,2,0,15
50060,MB,2021,14,12,2,0,14
50060,MB,2022,22,14,8,0,22
50061,DR,2017,1,1,0,0,1
50061,DR,2020,2,0,2,0,2
50061,DR,2022,4,1,3,0,4
50061,MB,2016,4,3,1,0,4
50061,MB,2017,1,1,0,0,1
50061,MB,2018,1,0,0,0,0
50061,MB,2019,9,4,4,0,8
50061,MB,2020,7,2,5,0,7
50061,MB,2021,11,6,5,0,11
50061,MB,2022,9,6,3,0,9
50066,HR,2016,438,278,81,0,359
50066,HR,2017,479,264,107,0,371
50066,HR,2018,486,289,91,0,380
50066,HR,2019,539,300,126,0,426
50066,HR,2020,380,187,78,0,265
50066,HR,2021,469,210,104,0,314
50066,HR,2022,411,210,79,0,289
50066,MB,2016,348,263,83,0,346
50066,MB,2017,369,268,99,1,368
50066,MB,2018,337,222,110,0,332
50066,MB,2019,342,229,108,0,337
50066,MB,2020,239,140,94,0,234
50066,MB,2021,270,156,110,0,266
50066,MB,2022,234,139,92,0,231
50092,DR,2021,1,1,0,0,1
50092,DR,2022,2,2,0,0,2
50092,MB,2019,1,1,0,0,1
50096,CB,2016,1,0,0,1,1
50096,DR,2017,1,1,0,0,1
50096,MB,2016,1,1,0,0,1
50096,MB,2017,2,2,0,0,2
50099,MB,2016,2,2,0,0,2
50099,MB,2021,1,1,0,0,1
50103,DR,2017,1,1,0,0,1
50110,DR,2016,2,2,0,0,2
50110,DR,2017,1,1,0,0,1
50110,DR,2020,1,1,0,0,1
50110,MB,2016,7,7,0,0,7
50110,MB,2017,6,6,0,0,6
50110,MB,2018,5,5,0,0,5
50110,MB,2019,6,6,0,0,6
50110,MB,2020,1,1,0,0,1
50113,MB,2016,32,31,0,0,31
50113,MB,2017,32,32,0,0,32
50113,MB,2018,42,40,0,0,40
50113,MB,2019,57,56,0,0,56
50113,MB,2020,27,27,0,0,27
50113,MB,2021,23,23,0,0,23
50113,MB,2022,31,31,0,0,31
50113,VP,2016,2,2,0,0,2
50113,VP,2018,1,1,0,0,1
50117,CB,2019,1,0,1,0,1
50117,DR,2017,2,2,0,0,2
50117,DR,2019,7,7,0,0,7
50117,DR,2020,4,4,0,0,4
50117,DR,2021,3,3,0,0,3
50117,DR,2022,1,1,0,0,1
50117,MB,2018,2,2,0,0,2
50117,MB,2019,3,2,0,0,2
50117,MB,2020,1,1,0,0,1
50117,MB,2022,1,1,0,0,1
50119,DR,2019,11,11,0,0,11
50119,DR,2020,42,18,0,0,18
50119,DR,2021,2,2,0,0,2
50119,DR,2022,15,15,0,0,15
50119,MB,2016,99,94,5,0,99
50119,MB,2017,163,134,29,0,163
50119,MB,2018,96,74,21,0,95
50119,MB,2019,92,69,23,0,92
50119,MB,2020,79,54,25,0,79
50119,MB,2021,36,26,8,0,34
50119,MB,2022,58,44,13,0,57
50141,MG,2016,4,1,3,0,4
50141,MG,2017,4,2,1,0,3
50141,MG,2018,8,2,6,0,8
50141,MG,2019,1,1,0,0,1
50143,MB,2016,1,1,0,0,1
50145,DR,2020,1,1,0,0,1
50145,MB,2019,2,2,0,0,2
50146,DR,2019,3,3,0,0,3
50146,DR,2021,2,2,0,0,2
50146,MB,2016,9,8,0,0,8
50146,MB,2017,5,5,0,0,5
50146,MB,2018,5,4,1,0,5
50146,MB,2019,8,7,1,0,8
50146,MB,2020,5,4,1,0,5
50146,MB,2021,3,2,1,0,3
50146,MB,2022,2,2,0,0,2
50148,DR,2018,2,2,0,0,2
50148,DR,2019,1,1,0,0,1
50149,DR,2018,1,1,0,0,1
50149,DR,2022,2,2,0,0,2
50149,MB,2018,2,1,0,0,1
50149,MB,2019,2,2,0,0,2
50149,MB,2021,2,0,0,0,0
50154,DR,2019,9,9,0,0,9
50154,DR,2020,7,6,1,0,7
50154,DR,2021,13,11,2,0,13
50154,DR,2022,12,12,0,0,12
50154,MB,2016,1,0,0,0,0
50154,MB,2019,3,1,0,0,1
50154,MB,2022,1,1,0,0,1
50155,DR,2016,16,15,1,0,16
50155,DR,2017,15,13,1,1,15
50155,DR,2018,13,13,0,0,13
50157,DR,2016,8,4,4,0,8
50157,DR,2017,2,1,1,0,2
50157,DR,2018,2,1,1,0,2
50157,DR,2020,2,0,2,0,2
50157,DR,2021,3,1,2,0,3
50157,DR,2022,5,3,2,0,5
50157,MB,2016,1,0,1,0,1
50157,MB,2017,1,0,1,0,1
50157,MB,2018,1,1,0,0,1
50157,MB,2019,1,1,0,0,1
50157,MB,2020,1,1,0,0,1
50157,MB,2021,1,1,0,0,1
50157,MB,2022,1,1,0,0,1
50158,MB,2017,2,0,2,0,2
50158,MB,2018,3,1,2,0,3
50159,DR,2017,1,1,0,0,1
50159,DR,2019,1,1,0,0,1
50159,DR,2020,2,2,0,0,2
50159,DR,2022,1,0,1,0,1
50159,MB,2018,1,0,0,0,0
50159,MB,2019,3,3,0,0,3
50159,MB,2020,4,3,1,0,4
50159,MB,2021,7,6,1,0,7
50159,MB,2022,2,2,0,0,2
50160,DR,2016,1,1,0,0,1
50160,DR,2017,2,1,1,0,2
50160,DR,2018,3,3,0,0,3
50160,DR,2020,2,1,1,0,2
50161,DR,2017,1,1,0,0,1
50161,DR,2019,1,1,0,0,1
50161,DR,2021,1,1,0,0,1
50161,DR,2022,1,1,0,0,1
50163,DR,2016,2,1,1,0,2
50163,DR,2017,6,5,1,0,6
50163,DR,2018,5,5,0,0,5
50163,DR,2019,1,1,0,0,1
50166,DR,2021,2,0,1,0,1
50176,DR,2021,4,2,2,0,4
50176,DR,2022,2,1,0,0,1
50176,MB,2020,6,1,5,0,6
50176,MB,2022,1,0,1,0,1
50182,DR,2016,30,30,0,0,30
50182,DR,2017,44,44,0,0,44
50182,DR,2018,41,41,0,0,41
50182,DR,2019,33,33,0,0,33
50182,DR,2020,28,28,0,0,28
50182,DR,2021,37,37,0,0,37
50182,DR,2022,32,31,1,0,32
50184,DR,2016,6,6,0,0,6
50184,DR,2017,4,4,0,0,4
50184,DR,2018,5,4,1,0,5
50184,MB,2018,1,1,0,0,1
50184,MB,2019,1,1,0,0,1
50191,VP,2017,1,1,0,0,1
50193,VP,2020,1,0,0,1,1
50198,DR,2016,2,1,0,0,1
50198,DR,2017,1,1,0,0,1
50198,DR,2019,1,0,1,0,1
50198,MB,2017,1,1,0,0,1
50198,MB,2019,1,0,1,0,1
50199,DR,2018,1,1,0,0,1
50199,DR,2020,2,2,0,0,2
50199,MB,2019,3,2,0,0,2
50199,MB,2020,1,1,0,0,1
50204,MB,2016,1,0,1,0,1
50204,MB,2021,1,1,0,0,1
50204,MB,2022,3,2,1,0,3
50211,MB,2016,2,1,0,1,2
50211,MB,2017,3,2,1,0,3
50211,MB,2018,4,4,0,0,4
50211,MB,2019,3,3,0,0,3
50211,MB,2020,4,3,1,0,4
50211,MB,2022,2,2,0,0,2
50213,SR,2017,13,11,2,0,13
50213,SR,2018,6,5,1,0,6
50213,SR,2019,2,2,0,0,2
50213,SR,2020,1,0,1,0,1
50213,SR,2021,1,0,1,0,1
50213,SR,2022,1,0,0,1,1
50516,MB,2019,1,1,0,0,1
50517,MB,2018,1,1,0,0,1
50517,MB,2019,1,1,0,0,1
50518,DR,2019,1,1,0,0,1
50518,DR,2022,2,2,0,0,2
50519,DR,2022,1,1,0,0,1
50519,MB,2016,1,1,0,0,1
50519,MB,2017,1,1,0,0,1
50519,MB,2018,3,2,1,0,3
50519,MB,2019,1,1,0,0,1
50519,MB,2021,2,2,0,0,2
50519,MB,2022,1,0,0,0,0
50521,FB,2016,2,1,1,0,2
50521,FB,2017,3,0,2,0,2
50521,FB,2019,1,0,1,0,1
50522,DR,2017,1,1,0,0,1
50522,DR,2018,1,1,0,0,1
50522,DR,2019,4,4,0,0,4
50522,MB,2017,3,2,1,0,3
50522,MB,2018,2,2,0,0,2
50522,MB,2020,1,0,0,1,1
50522,MB,2021,1,1,0,0,1
55312,SR,2019,2,1,1,0,2
55312,SR,2020,3,1,2,0,3
55312,SR,2021,3,2,0,1,3
55312,SR,2022,4,1,3,0,4
60006,DR,2016,2,2,0,0,2
60006,DR,2017,4,3,0,0,3
60006,DR,2018,3,1,2,0,3
60006,DR,2019,9,4,5,0,9
60006,DR,2021,1,1,0,0,1
60006,DR,2022,4,1,3,0,4
60006,MB,2016,15,15,0,0,15
60006,MB,2017,15,15,0,0,15
60006,MB,2018,13,13,0,0,13
60006,MB,2019,19,17,1,1,19
60006,MB,2020,8,8,0,0,8
60006,MB,2021,4,4,0,0,4
60006,MB,2022,9,9,0,0,9
60006,SR,2019,3,3,0,0,3
60007,DR,2016,25,25,0,0,25
60007,DR,2017,8,8,0,0,8
60007,DR,2018,7,7,0,0,7
60007,DR,2019,7,7,0,0,7
60007,DR,2020,8,8,0,0,8
60007,DR,2021,9,9,0,0,9
60007,DR,2022,11,9,2,0,11
60007,MB,2016,69,69,0,0,69
60007,MB,2017,43,43,0,0,43
60007,MB,2018,30,30,0,0,30
60007,MB,2019,50,50,0,0,50
60007,MB,2020,47,47,0,0,47
60007,MB,2021,49,46,0,2,48
60007,MB,2022,23,17,5,0,22
60008,DR,2016,12,12,0,0,12
60008,DR,2017,4,4,0,0,4
60008,DR,2018,7,7,0,0,7
60008,DR,2019,9,9,0,0,9
60008,DR,2020,3,3,0,0,3
60008,DR,2021,4,4,0,0,4
60008,LR,2016,11,11,0,0,11
60008,LR,2017,23,18,3,0,21
60008,LR,2018,23,18,2,1,21
60008,LR,2019,17,15,1,0,16
60008,LR,2020,14,12,0,0,12
60008,LR,2021,17,16,0,0,16
60008,LR,2022,21,14,0,0,14
60008,MB,2016,59,59,0,0,59
60008,MB,2017,74,74,0,0,74
60008,MB,2018,74,70,4,0,74
60008,MB,2019,80,80,0,0,80
60008,MB,2020,62,62,0,0,62
60008,MB,2021,67,67,0,0,67
60008,MB,2022,79,78,0,0,78
60009,DR,2016,6,6,0,0,6
60009,DR,2018,1,1,0,0,1
60009,DR,2019,2,2,0,0,2
60009,DR,2020,6,6,0,0,6
60009,MB,2016,11,10,1,0,11
60009,MB,2017,25,24,1,0,25
60009,MB,2018,20,18,2,0,20
60009,MB,2019,33,33,0,0,33
60009,MB,2020,30,30,0,0,30
60009,MB,2021,39,38,1,0,39
60009,MB,2022,25,25,0,0,25
60010,DR,2016,5,5,0,0,5
60010,DR,2017,4,4,0,0,4
60010,DR,2018,1,1,0,0,1
60010,DR,2019,1,1,0,0,1
60010,DR,2020,7,6,1,0,7
60010,DR,2021,6,4,2,0,6
60010,DR,2022,9,0,9,0,9
60010,MB,2016,3,3,0,0,3
60010,MB,2017,2,2,0,0,2
60010,MB,2021,2,1,0,0,1
60010,MB,2022,3,1,2,0,3
60011,DR,2016,6,4,1,0,5
60011,DR,2017,2,1,1,0,2
60011,DR,2018,6,6,0,0,6
60011,DR,2019,6,6,0,0,6
60011,DR,2021,3,3,0,0,3
60011,DR,2022,1,1,0,0,1
60011,MB,2016,63,35,24,0,59
60011,MB,2017,53,44,5,0,49
60011,MB,2018,42,32,8,0,40
60011,MB,2019,29,25,1,0,26
60011,MB,2020,23,17,0,0,17
60011,MB,2021,24,24,0,0,24
60011,MB,2022,32,26,0,0,26
60012,DR,2017,7,6,0,0,6
60012,DR,2018,1,1,0,0,1
60012,DR,2019,7,6,1,0,7
60012,DR,2020,4,4,0,0,4
60012,DR,2021,2,1,1,0,2
60012,DR,2022,1,1,0,0,1
60012,MB,2016,2,2,0,0,2
60012,MB,2017,3,3,0,0,3
60012,MB,2018,4,4,0,0,4
60012,MB,2019,1,1,0,0,1
60012,MB,2021,6,6,0,0,6
60012,MB,2022,4,4,0,0,4
60014,DR,2016,6,5,1,0,6
60014,DR,2017,1,1,0,0,1
60014,MB,2016,11,9,0,0,9
60014,MB,2017,4,3,1,0,4
60014,MB,2018,5,5,0,0,5
60014,MB,2019,1,1,0,0,1
60014,MB,2020,1,0,1,0,1
60014,MB,2021,3,2,0,1,3
60014,MB,2022,6,4,1,0,5
60016,DR,2016,1,1,0,0,1
60016,DR,2017,1,1,0,0,1
60016,DR,2018,1,1,0,0,1
60016,DR,2019,2,2,0,0,2
60016,DR,2021,3,3,0,0,3
60016,DR,2022,2,2,0,0,2
60016,MB,2016,3,3,0,0,3
60016,MB,2017,2,2,0,0,2
60016,MB,2018,3,3,0,0,3
60016,MB,2019,3,3,0,0,3
60016,MB,2020,2,2,0,0,2
60016,MB,2021,3,3,0,0,3
60016,MB,2022,4,4,0,0,4
60017,DR,2022,2,2,0,0,2
60017,MB,2016,4,4,0,0,4
60017,MB,2017,10,10,0,0,10
60017,MB,2018,17,17,0,0,17
60017,MB,2019,12,12,0,0,12
60017,MB,2020,5,5,0,0,5
60017,MB,2021,4,4,0,0,4
60017,MB,2022,8,8,0,0,8
60018,DR,2016,3,2,0,0,2
60018,DR,2019,2,2,0,0,2
60018,DR,2020,1,1,0,0,1
60018,DR,2021,3,3,0,0,3
60018,DR,2022,2,2,0,0,2
60018,MB,2016,8,8,0,0,8
60018,MB,2017,2,2,0,0,2
60018,MB,2018,9,9,0,0,9
60018,MB,2019,8,8,0,0,8
60018,MB,2020,12,11,1,0,12
60018,MB,2021,3,3,0,0,3
60018,MB,2022,16,16,0,0,16
60019,DR,2016,3,2,1,0,3
60019,DR,2017,4,4,0,0,4
60019,DR,2018,7,6,1,0,7
60019,DR,2019,13,10,3,0,13
60019,DR,2020,21,21,0,0,21
60019,DR,2021,8,8,0,0,8
60019,DR,2022,13,13,0,0,13
60019,MB,2016,23,20,1,2,23
60019,MB,2017,51,49,2,0,51
60019,MB,2018,76,74,2,0,76
60019,MB,2019,50,47,3,0,50
60019,MB,2020,67,66,1,0,67
60019,MB,2021,59,59,0,0,59
60019,MB,2022,54,54,0,0,54
60019,RB,2019,8,8,0,0,8
60019,RB,2020,42,42,0,0,42
60019,RB,2021,47,47,0,0,47
60019,RB,2022,60,60,0,0,60
60022,DR,2019,1,1,0,0,1
60022,MB,2016,7,5,1,0,6
60022,MB,2017,4,2,1,0,3
60022,MB,2018,6,3,2,0,5
60022,MB,2020,19,7,11,0,18
60022,MB,2021,38,26,11,0,37
60022,MB,2022,47,36,10,0,46
60024,DR,2016,11,11,0,0,11
60024,DR,2017,6,5,1,0,6
60024,DR,2018,5,5,0,0,5
60024,DR,2019,8,8,0,0,8
60024,DR,2020,2,2,0,0,2
60024,MB,2016,18,17,0,0,17
60024,MB,2017,9,7,2,0,9
60024,MB,2018,18,18,0,0,18
60024,MB,2019,16,13,3,0,16
60024,MB,2020,2,1,0,0,1
60024,MB,2022,1,1,0,0,1
60032,DR,2018,3,3,0,0,3
60032,DR,2019,3,3,0,0,3
60032,DR,2020,3,3,0,0,3
60032,DR,2021,2,2,0,0,2
60032,DR,2022,5,3,2,0,5
60032,FB,2017,1,0,1,0,1
60032,FB,2018,2,1,0,0,1
60032,FB,2020,1,0,1,0,1
60032,FB,2021,1,0,1,0,1
60032,MB,2016,8,8,0,0,8
60032,MB,2017,5,5,0,0,5
60032,MB,2018,12,12,0,0,12
60032,MB,2019,12,12,0,0,12
60032,MB,2020,11,11,0,0,11
60032,MB,2021,11,11,0,0,11
60032,MB,2022,23,17,6,0,23
60032,SR,2016,4,4,0,0,4
60032,SR,2017,4,4,0,0,4
60032,SR,2018,5,5,0,0,5
60032,SR,2019,1,1,0,0,1
60032,SR,2020,2,2,0,0,2
60032,SR,2022,6,4,2,0,6
60033,DR,2019,1,1,0,0,1
60033,DR,2020,7,7,0,0,7
60033,DR,2021,3,3,0,0,3
60033,MB,2016,2,2,0,0,2
60033,MB,2019,8,8,0,0,8
60033,MB,2020,16,15,0,0,15
60033,MB,2021,10,10,0,0,10
60033,MB,2022,15,14,1,0,15
60033,SR,2018,1,0,1,0,1
60041,DR,2018,1,0,0,0,0
60048,DR,2016,7,7,0,0,7
60048,DR,2017,8,8,0,0,8
60048,DR,2018,9,9,0,0,9
60048,DR,2019,6,6,0,0,6
60048,DR,2020,5,5,0,0,5
60048,DR,2021,6,5,0,0,5
60048,DR,2022,3,3,0,0,3
60048,MB,2016,49,49,0,0,49
60048,MB,2017,57,57,0,0,57
60048,MB,2018,52,52,0,0,52
60048,MB,2019,57,57,0,0,57
60048,MB,2020,25,24,1,0,25
60048,MB,2021,35,33,1,1,35
60048,MB,2022,49,46,1,0,47
60051,DR,2016,4,4,0,0,4
60051,DR,2022,1,1,0,0,1
60051,MB,2016,31,27,4,0,31
60051,MB,2017,32,29,3,0,32
60051,MB,2018,17,15,1,0,16
60051,MB,2019,21,21,0,0,21
60051,MB,2020,7,6,1,0,7
60051,MB,2021,10,7,1,0,8
60051,MB,2022,18,17,1,0,18
60056,DR,2016,5,4,1,0,5
60056,DR,2017,5,5,0,0,5
60056,DR,2020,7,7,0,0,7
60056,LR,2016,16,16,0,0,16
60056,LR,2017,32,30,2,0,32
60056,LR,2018,18,17,1,0,18
60056,LR,2019,47,47,0,0,47
60056,LR,2020,41,41,0,0,41
60056,LR,2021,30,30,0,0,30
60056,LR,2022,42,42,0,0,42
60056,MB,2016,24,22,1,0,23
60056,MB,2017,26,26,0,0,26
60056,MB,2018,17,16,1,0,17
60056,MB,2019,28,27,1,0,28
60056,MB,2020,19,18,1,0,19
60056,MB,2021,20,20,0,0,20
60056,MB,2022,33,33,0,0,33
60056,SR,2021,2,2,0,0,2
60056,SR,2022,1,1,0,0,1
60059,DR,2016,2,1,1,0,2
60059,DR,2017,3,2,1,0,3
60059,DR,2018,1,0,1,0,1
60059,DR,2022,1,1,0,0,1
60059,MB,2017,4,4,0,0,4
60059,MB,2018,1,0,1,0,1
60059,MB,2020,1,1,0,0,1
60072,DR,2016,3,3,0,0,3
60072,MB,2016,2,2,0,0,2
60072,MB,2017,2,2,0,0,2
60077,DR,2016,3,3,0,0,3
60077,DR,2017,1,0,1,0,1
60077,DR,2019,3,3,0,0,3
60077,MB,2016,2,1,1,0,2
60077,MB,2018,3,3,0,0,3
60077,MB,2019,2,1,0,1,2
60088,DR,2016,1,1,0,0,1
60088,DR,2018,3,2,0,0,2
60088,DR,2021,1,0,1,0,1
60088,MB,2016,2,2,0,0,2
60088,MB,2017,1,1,0,0,1
60088,MB,2018,1,1,0,0,1
60088,MB,2020,1,0,0,0,0
60088,MB,2021,3,3,0,0,3
60088,MB,2022,3,3,0,0,3
60090,CB,2017,11,8,0,0,8
60090,DR,2017,4,2,1,0,3
60090,DR,2019,2,0,2,0,2
60090,MB,2017,10,5,5,0,10
60090,MB,2018,6,5,1,0,6
60090,MB,2019,1,1,0,0,1
60090,MB,2020,3,2,1,0,3
60090,MB,2021,9,6,2,0,8
60090,MB,2022,12,9,2,0,11
60091,DR,2016,3,3,0,0,3
60091,DR,2017,1,1,0,0,1
60091,DR,2018,3,3,0,0,3
60091,DR,2019,3,2,0,0,2
60091,DR,2021,4,4,0,0,4
60091,DR,2022,2,2,0,0,2
60091,MB,2016,1,1,0,0,1
60091,MB,2019,1,1,0,0,1
60091,MB,2020,1,1,0,0,1
60095,CB,2021,1,1,0,0,1
60095,CB,2022,2,0,2,0,2
60095,DR,2021,5,2,3,0,5
60095,DR,2022,2,0,1,0,1
60095,MB,2021,3,3,0,0,3
60095,MB,2022,9,4,5,0,9
60101,DR,2017,1,1,0,0,1
60101,DR,2019,3,2,1,0,3
60101,DR,2020,2,2,0,0,2
60101,MB,2018,6,5,1,0,6
60101,MB,2019,6,3,3,0,6
60101,MB,2020,10,7,3,0,10
60101,MB,2021,3,3,0,0,3
60102,DR,2016,2,2,0,0,2
60102,DR,2018,4,2,2,0,4
60102,DR,2019,2,0,2,0,2
60102,DR,2020,1,0,1,0,1
60102,DR,2021,1,0,1,0,1
60102,MB,2016,5,3,1,0,4
60102,MB,2018,1,1,0,0,1
60103,CB,2018,1,0,0,1,1
60103,CB,2019,1,0,0,1,1
60103,DR,2017,1,1,0,0,1
60103,DR,2018,2,1,1,0,2
60103,DR,2019,1,1,0,0,1
60103,DR,2020,1,1,0,0,1
60103,DR,2021,2,2,0,0,2
60107,DR,2017,1,1,0,0,1
60107,DR,2019,2,2,0,0,2
60107,DR,2021,1,1,0,0,1
60107,DR,2022,3,3,0,0,3
60111,CB,2017,1,0,1,0,1
60111,CB,2021,1,1,0,0,1
60111,DR,2016,1,1,0,0,1
60111,DR,2017,1,1,0,0,1
60111,DR,2022,5,1,2,0,3
60114,DR,2016,1,1,0,0,1
60114,DR,2017,1,1,0,0,1
60114,DR,2019,2,2,0,0,2
60114,MB,2017,1,0,1,0,1
60130,DR,2016,2,2,0,0,2
60130,DR,2017,2,2,0,0,2
60130,DR,2018,1,1,0,0,1
60130,DR,2019,2,1,1,0,2
60130,DR,2020,2,2,0,0,2
60130,DR,2021,1,1,0,0,1
60133,SR,2016,2,0,1,0,1
60133,SR,2019,1,0,1,0,1
60134,CB,2016,1,1,0,0,1
60134,CB,2017,1,1,0,0,1
60269,MB,2017,1,0,1,0,1
60269,MB,2019,1,1,0,0,1
60276,FB,2022,3,0,2,1,3
70002,DR,2017,1,1,0,0,1
70002,DR,2019,2,2,0,0,2
70002,MB,2016,3,3,0,0,3
70002,MB,2017,10,9,0,0,9
70002,MB,2018,6,5,0,0,5
70002,MB,2019,13,13,0,0,13
70002,MB,2020,15,15,0,0,15
70002,MB,2021,1,1,0,0,1
70003,DR,2016,2,2,0,0,2
70003,DR,2018,3,3,0,0,3
70003,MB,2016,13,13,0,0,13
70003,MB,2017,12,12,0,0,12
70003,MB,2018,10,9,1,0,10
70003,MB,2019,4,4,0,0,4
70003,MB,2021,2,2,0,0,2
70005,DR,2019,2,2,0,0,2
70005,DR,2022,2,2,0,0,2
70005,MB,2016,74,65,9,0,74
70005,MB,2017,66,59,7,0,66
70005,MB,2018,71,61,10,0,71
70005,MB,2019,68,63,5,0,68
70005,MB,2020,62,61,1,0,62
70005,MB,2021,49,46,3,0,49
70005,MB,2022,48,48,0,0,48
70005,RB,2018,2,2,0,0,2
70005,RB,2019,3,3,0,0,3
70005,RB,2020,4,4,0,0,4
70005,RB,2021,4,4,0,0,4
70005,RB,2022,4,4,0,0,4
70006,DR,2016,22,8,14,0,22
70006,DR,2017,22,8,14,0,22
70006,DR,2018,17,8,9,0,17
70006,DR,2019,5,4,1,0,5
70006,DR,2020,12,12,0,0,12
70006,DR,2021,2,2,0,0,2
70006,DR,2022,6,5,1,0,6
70006,LR,2016,24,9,15,0,24
70006,LR,2017,28,25,2,0,27
70006,LR,2018,36,27,7,0,34
70006,LR,2019,29,27,0,0,27
70006,LR,2020,28,26,2,0,28
70006,LR,2021,32,27,5,0,32
70006,LR,2022,25,15,8,0,23
70006,MB,2016,123,75,47,0,122
70006,MB,2017,64,52,12,0,64
70006,MB,2018,66,55,11,0,66
70006,MB,2019,70,65,5,0,70
70006,MB,2020,49,44,5,0,49
70006,MB,2021,38,32,6,0,38
70006,MB,2022,33,32,1,0,33
70008,MB,2019,1,1,0,0,1
70010,DR,2017,5,4,1,0,5
70010,DR,2018,3,3,0,0,3
70010,DR,2019,1,1,0,0,1
70010,DR,2022,1,1,0,0,1
70010,MB,2016,7,5,2,0,7
70010,MB,2017,7,7,0,0,7
70010,MB,2018,11,4,7,0,11
70010,MB,2019,5,4,1,0,5
70010,MB,2020,1,1,0,0,1
70010,MB,2021,2,2,0,0,2
70010,MB,2022,6,5,1,0,6
70012,DR,2018,1,1,0,0,1
70012,MB,2017,3,3,0,0,3
70012,MB,2018,2,2,0,0,2
70012,MB,2019,4,4,0,0,4
70012,MB,2021,3,3,0,0,3
70014,DR,2016,1,1,0,0,1
70014,DR,2017,1,1,0,0,1
70014,DR,2022,1,1,0,0,1
70014,MB,2016,3,3,0,0,3
70014,MB,2017,3,3,0,0,3
70014,MB,2018,5,5,0,0,5
70014,MB,2019,10,9,1,0,10
70014,MB,2020,7,6,0,1,7
70014,MB,2021,3,3,0,0,3
70014,MB,2022,4,3,1,0,4
70015,DR,2021,1,0,1,0,1
70015,MB,2017,1,0,0,1,1
70015,MB,2019,3,2,1,0,3
70015,MB,2020,2,0,2,0,2
70015,MB,2022,2,2,0,0,2
70016,DR,2016,2,2,0,0,2
70016,DR,2019,1,1,0,0,1
70016,DR,2021,2,2,0,0,2
70016,MB,2016,2,2,0,0,2
70016,MB,2018,3,3,0,0,3
70016,MB,2019,1,1,0,0,1
70016,MB,2020,1,1,0,0,1
70016,MB,2021,1,1,0,0,1
70016,MB,2022,7,7,0,0,7
70045,DR,2016,4,1,3,0,4
70048,DR,2018,1,1,0,0,1
70048,DR,2021,1,1,0,0,1
70048,MB,2019,1,1,0,0,1
70048,MB,2020,2,2,0,0,2
70049,DR,2022,1,1,0,0,1
70066,DR,2022,1,1,0,0,1
70271,SR,2016,2,2,0,0,2
70271,SR,2017,1,1,0,0,1
70271,SR,2020,2,2,0,0,2
70271,SR,2021,1,0,0,0,0
70271,SR,2022,1,1,0,0,1
70275,VP,2022,1,1,0,0,1
80001,CB,2017,1,1,0,0,1
80001,DR,2016,1,1,0,0,1
80001,DR,2017,1,1,0,0,1
80001,DR,2018,1,1,0,0,1
80001,DR,2021,1,1,0,0,1
80001,DR,2022,1,1,0,0,1
80001,LR,2016,24,21,0,0,21
80001,LR,2017,35,28,2,2,32
80001,LR,2018,16,12,4,0,16
80001,LR,2019,10,6,4,0,10
80001,LR,2020,26,17,6,1,24
80001,LR,2021,33,24,9,0,33
80001,LR,2022,34,19,9,0,28
80001,MB,2016,18,17,1,0,18
80001,MB,2017,10,10,0,0,10
80001,MB,2018,19,19,0,0,19
80001,MB,2019,9,9,0,0,9
80001,MB,2020,7,7,0,0,7
80001,MB,2021,9,9,0,0,9
80001,MB,2022,16,16,0,0,16
80002,DR,2016,1,0,1,0,1
80002,DR,2019,1,0,1,0,1
80002,MB,2016,5,4,1,0,5
80002,MB,2017,3,1,2,0,3
80002,MB,2018,1,0,1,0,1
80002,MB,2019,2,2,0,0,2
80003,DR,2019,1,1,0,0,1
80003,DR,2022,1,1,0,0,1
80003,MB,2016,1,1,0,0,1
80003,MB,2018,2,1,0,0,1
80003,MB,2019,1,1,0,0,1
80004,DR,2021,2,2,0,0,2
80004,MB,2022,1,1,0,0,1
80005,DR,2016,1,1,0,0,1
80005,DR,2018,1,1,0,0,1
80005,DR,2019,1,1,0,0,1
80005,DR,2021,2,2,0,0,2
80005,MB,2016,9,9,0,0,9
80005,MB,2017,6,5,1,0,6
80005,MB,2018,9,8,0,0,8
80005,MB,2019,13,13,0,0,13
80005,MB,2020,6,6,0,0,6
80005,MB,2021,7,7,0,0,7
80005,MB,2022,3,3,0,0,3
80006,DR,2016,16,16,0,0,16
80006,DR,2017,9,9,0,0,9
80006,DR,2018,7,7,0,0,7
80006,DR,2019,1,1,0,0,1
80006,LR,2017,2,1,0,1,2
80006,LR,2019,1,0,0,0,0
80006,MB,2016,79,76,2,0,78
80006,MB,2017,51,51,0,0,51
80006,MB,2018,40,40,0,0,40
80006,MB,2019,59,59,0,0,59
80006,MB,2020,50,50,0,0,50
80006,MB,2021,75,75,0,0,75
80006,MB,2022,76,71,5,0,76
80007,DR,2017,2,1,0,0,1
80007,DR,2019,1,1,0,0,1
80007,DR,2020,2,2,0,0,2
80007,MB,2017,2,2,0,0,2
80007,MB,2018,3,2,0,0,2
80007,MB,2019,5,4,1,0,5
80007,MB,2020,1,1,0,0,1
80009,DR,2017,1,1,0,0,1
80009,DR,2018,2,2,0,0,2
80009,DR,2019,1,1,0,0,1
80009,MB,2016,1,1,0,0,1
80009,MB,2017,1,1,0,0,1
80009,MB,2018,5,5,0,0,5
80009,MB,2019,1,1,0,0,1
80009,MB,2021,1,1,0,0,1
80011,DR,2017,1,1,0,0,1
80011,DR,2018,1,1,0,0,1
80011,DR,2019,1,1,0,0,1
80011,MB,2016,1,1,0,0,1
80011,MB,2018,1,1,0,0,1
80011,MB,2021,1,0,0,1,1
80011,MB,2022,2,1,1,0,2
80011,RB,2016,1,1,0,0,1
80011,RB,2017,3,3,0,0,3
80011,RB,2018,3,3,0,0,3
80016,MB,2016,3,2,1,0,3
80016,MB,2017,3,1,2,0,3
80025,DR,2016,3,2,0,1,3
80025,MB,2018,1,0,1,0,1
80025,MB,2020,1,0,1,0,1
80025,MB,2021,2,2,0,0,2
90001,CB,2020,14,13,1,0,14
90001,DR,2016,1,1,0,0,1
90001,DR,2017,1,1,0,0,1
90001,DR,2018,5,4,1,0,5
90001,DR,2019,3,3,0,0,3
90001,DR,2020,3,2,0,0,2
90001,DR,2022,3,1,2,0,3
90001,MB,2020,34,28,6,0,34
90001,MB,2021,8,6,2,0,8
90001,MB,2022,5,5,0,0,5
90002,DR,2016,8,8,0,0,8
90002,DR,2017,8,8,0,0,8
90002,DR,2018,8,8,0,0,8
90002,DR,2019,12,12,0,0,12
90002,DR,2020,5,5,0,0,5
90002,DR,2021,2,2,0,0,2
90002,DR,2022,3,3,0,0,3
90002,HR,2021,15,0,5,10,15
90002,HR,2022,8,0,7,0,7
90002,MB,2016,81,80,0,1,81
90002,MB,2017,64,63,0,1,64
90002,MB,2018,69,69,0,0,69
90002,MB,2019,72,72,0,0,72
90002,MB,2020,52,52,0,0,52
90002,MB,2021,54,54,0,0,54
90002,MB,2022,61,61,0,0,61
90003,HR,2016,517,500,0,0,500
90003,HR,2017,197,147,17,0,164
90003,HR,2018,185,142,18,0,160
90003,HR,2019,117,109,1,0,110
90003,HR,2020,98,42,46,0,88
90003,HR,2021,145,85,42,0,127
90003,HR,2022,233,115,69,0,184
90003,MG,2016,10,9,1,0,10
90003,MG,2017,2,2,0,0,2
90003,MG,2018,3,3,0,0,3
90003,MG,2020,1,1,0,0,1
90003,MG,2022,3,2,1,0,3
90003,YR,2018,5,4,1,0,5
90003,YR,2019,1,0,1,0,1
90003,YR,2020,3,1,2,0,3
90003,YR,2022,2,0,2,0,2
90004,DR,2016,1,1,0,0,1
90004,DR,2022,1,1,0,0,1
90004,MB,2016,7,6,0,1,7
90004,MB,2017,3,2,0,1,3
90004,MB,2018,6,6,0,0,6
90004,MB,2019,7,7,0,0,7
90004,MB,2022,3,3,0,0,3
90006,CB,2016,1,0,0,0,0
90006,CB,2021,2,2,0,0,2
90006,DR,2016,1,1,0,0,1
90006,DR,2019,1,1,0,0,1
90006,DR,2020,1,1,0,0,1
90006,DR,2022,3,3,0,0,3
90006,MB,2016,5,5,0,0,5
90006,MB,2017,2,2,0,0,2
90006,MB,2018,5,4,0,0,4
90006,MB,2019,4,2,0,0,2
90006,MB,2020,3,2,0,0,2
90006,MB,2022,4,4,0,0,4
90007,DR,2020,1,1,0,0,1
90007,MB,2016,18,18,0,0,18
90007,MB,2017,5,5,0,0,5
90007,MB,2018,1,0,1,0,1
90007,MB,2021,12,2,4,0,6
90008,MB,2016,12,11,0,1,12
90008,MB,2017,7,7,0,0,7
90008,MB,2018,10,9,1,0,10
90008,MB,2019,17,17,0,0,17
90008,MB,2020,7,7,0,0,7
90008,MB,2021,11,11,0,0,11
90008,MB,2022,10,10,0,0,10
90009,DR,2017,1,1,0,0,1
90009,DR,2018,1,1,0,0,1
90009,DR,2019,2,2,0,0,2
90009,MB,2016,7,7,0,0,7
90009,MB,2017,13,13,0,0,13
90009,MB,2018,7,7,0,0,7
90009,MB,2019,13,13,0,0,13
90009,MB,2020,17,17,0,0,17
90009,MB,2021,14,14,0,0,14
90009,MB,2022,13,13,0,0,13
90010,MB,2016,8,8,0,0,8
90010,MB,2017,9,9,0,0,9
90010,MB,2018,11,11,0,0,11
90010,MB,2019,10,10,0,0,10
90010,MB,2020,5,5,0,0,5
90010,MB,2021,7,7,0,0,7
90010,MB,2022,7,7,0,0,7
90012,DR,2017,1,1,0,0,1
90012,DR,2019,1,1,0,0,1
90012,DR,2022,1,1,0,0,1
90012,MB,2016,11,10,1,0,11
90012,MB,2017,6,6,0,0,6
90012,MB,2018,10,8,2,0,10
90012,MB,2019,5,5,0,0,5
90012,MB,2022,4,4,0,0,4
90013,DR,2020,2,1,1,0,2
90013,LR,2016,13,8,2,0,10
90013,LR,2017,3,1,0,0,1
90013,LR,2018,12,3,2,0,5
90013,LR,2019,8,3,0,0,3
90013,LR,2020,14,1,0,0,1
90013,LR,2021,33,6,1,1,8
90013,LR,2022,34,7,1,0,8
90013,MB,2016,62,55,5,0,60
90013,MB,2017,31,27,1,0,28
90013,MB,2018,43,39,2,0,41
90013,MB,2019,26,20,1,1,22
90013,MB,2020,10,4,1,0,5
90013,MB,2021,32,29,0,0,29
90013,MB,2022,44,40,3,0,43
90014,CB,2016,10,10,0,0,10
90014,CB,2017,6,6,0,0,6
90014,CB,2018,1,1,0,0,1
90014,CB,2019,1,1,0,0,1
90014,CB,2020,1,1,0,0,1
90014,CB,2021,1,1,0,0,1
90014,DR,2016,76,56,19,1,76
90014,DR,2017,15,15,0,0,15
90014,DR,2018,6,6,0,0,6
90014,DR,2019,2,2,0,0,2
90014,DR,2020,3,3,0,0,3
90014,DR,2021,2,2,0,0,2
90014,DR,2022,3,3,0,0,3
90014,MB,2016,179,179,0,0,179
90014,MB,2017,145,144,1,0,145
90014,MB,2018,125,124,1,0,125
90014,MB,2019,104,104,0,0,104
90014,MB,2020,45,44,1,0,45
90014,MB,2021,47,47,0,0,47
90014,MB,2022,53,53,0,0,53
90014,RB,2020,10,9,1,0,10
90014,RB,2021,24,24,0,0,24
90014,RB,2022,21,21,0,0,21
90015,CC,2016,3,2,1,0,3
90015,CC,2017,4,3,1,0,4
90015,CC,2018,4,4,0,0,4
90015,CC,2019,3,2,1,0,3
90015,CC,2020,1,1,0,0,1
90015,CC,2022,1,1,0,0,1
90015,DR,2019,2,2,0,0,2
90015,DR,2020,2,2,0,0,2
90015,DR,2021,1,1,0,0,1
90015,DR,2022,3,3,0,0,3
90015,LR,2016,39,24,0,15,39
90015,LR,2017,58,49,2,7,58
90015,LR,2018,32,28,0,4,32
90015,LR,2019,19,17,2,0,19
90015,LR,2020,5,4,1,0,5
90015,LR,2021,7,6,1,0,7
90015,LR,2022,1,1,0,0,1
90015,MB,2016,96,95,0,1,96
90015,MB,2017,101,100,0,1,101
90015,MB,2018,97,96,0,1,97
90015,MB,2019,106,105,1,0,106
90015,MB,2020,59,58,1,0,59
90015,MB,2021,38,36,2,0,38
90015,MB,2022,54,52,2,0,54
90015,SR,2016,1,1,0,0,1
90015,SR,2017,1,1,0,0,1
90015,SR,2019,1,1,0,0,1
90015,SR,2020,1,1,0,0,1
90015,SR,2021,2,2,0,0,2
90015,SR,2022,1,1,0,0,1
90015,TB,2016,74,73,0,1,74
90015,TB,2017,90,90,0,0,90
90015,TB,2018,86,86,0,0,86
90015,TB,2019,74,73,1,0,74
90015,TB,2020,26,24,2,0,26
90015,TB,2021,30,29,1,0,30
90015,TB,2022,11,11,0,0,11
90016,FB,2016,2,2,0,0,2
90016,FB,2017,1,1,0,0,1
90016,FB,2018,3,0,3,0,3
90016,FB,2019,4,3,1,0,4
90016,FB,2020,3,0,3,0,3
90016,FB,2022,2,1,1,0,2
90016,MB,2017,2,2,0,0,2
90016,MB,2018,3,3,0,0,3
90016,MB,2019,4,4,0,0,4
90016,MB,2021,5,3,2,0,5
90016,MB,2022,3,3,0,0,3
90017,DR,2019,1,1,0,0,1
90017,DR,2020,1,1,0,0,1
90017,MB,2016,1,1,0,0,1
90017,MB,2017,2,2,0,0,2
90017,MB,2018,4,4,0,0,4
90017,MB,2019,1,0,0,1,1
90017,MB,2020,1,1,0,0,1
90017,MB,2022,1,0,1,0,1
90019,DR,2019,2,2,0,0,2
90019,DR,2020,4,4,0,0,4
90019,DR,2021,4,4,0,0,4
90019,DR,2022,1,0,0,0,0
90019,LR,2016,1,1,0,0,1
90019,LR,2017,1,1,0,0,1
90019,LR,2019,9,6,2,1,9
90019,LR,2020,5,5,0,0,5
90019,LR,2021,4,4,0,0,4
90019,LR,2022,3,3,0,0,3
90019,MB,2016,16,15,0,0,15
90019,MB,2017,20,18,0,0,18
90019,MB,2018,26,25,1,0,26
90019,MB,2019,26,24,1,1,26
90019,MB,2020,12,12,0,0,12
90019,MB,2021,6,5,0,0,5
90019,MB,2022,15,15,0,0,15
90020,MB,2017,3,3,0,0,3
90020,MB,2018,2,2,0,0,2
90020,MB,2019,1,1,0,0,1
90020,MB,2021,5,5,0,0,5
90022,MB,2016,2,2,0,0,2
90022,MB,2017,1,0,0,1,1
90022,MB,2018,2,1,0,0,1
90022,MB,2019,3,3,0,0,3
90022,MB,2020,1,1,0,0,1
90022,MB,2021,4,4,0,0,4
90022,MB,2022,1,1,0,0,1
90023,MB,2016,22,21,0,1,22
90023,MB,2017,15,15,0,0,15
90023,MB,2018,12,12,0,0,12
90023,MB,2019,13,13,0,0,13
90023,MB,2020,8,8,0,0,8
90023,MB,2021,3,3,0,0,3
90023,MB,2022,6,6,0,0,6
90024,DR,2016,1,1,0,0,1
90026,DR,2016,9,9,0,0,9
90026,DR,2017,3,3,0,0,3
90026,DR,2018,3,3,0,0,3
90026,DR,2019,5,3,0,0,3
90026,DR,2020,1,1,0,0,1
90026,DR,2022,3,3,0,0,3
90026,LR,2016,83,62,5,16,83
90026,LR,2017,120,73,6,41,120
90026,LR,2018,96,77,2,17,96
90026,LR,2019,106,88,2,16,106
90026,LR,2020,93,91,0,2,93
90026,LR,2021,77,74,1,2,77
90026,LR,2022,65,57,4,4,65
90026,MB,2016,71,71,0,0,71
90026,MB,2017,57,57,0,0,57
90026,MB,2018,74,73,0,0,73
90026,MB,2019,91,91,0,0,91
90026,MB,2020,71,71,0,0,71
90026,MB,2021,66,66,0,0,66
90026,MB,2022,63,58,0,0,58
90027,DR,2018,1,0,1,0,1
90027,MB,2016,25,25,0,0,25
90027,MB,2017,19,17,0,2,19
90027,MB,2018,28,28,0,0,28
90027,MB,2019,32,32,0,0,32
90027,MB,2020,24,23,0,0,23
90027,MB,2021,19,18,0,1,19
90027,MB,2022,17,17,0,0,17
90029,DR,2019,3,3,0,0,3
90029,DR,2020,2,2,0,0,2
90029,DR,2022,1,1,0,0,1
90029,MB,2016,17,13,3,1,17
90029,MB,2017,9,9,0,0,9
90029,MB,2018,11,8,2,0,10
90029,MB,2019,31,29,2,0,31
90029,MB,2020,21,20,1,0,21
90029,MB,2021,16,13,3,0,16
90029,MB,2022,26,17,9,0,26
90030,DR,2016,3,2,1,0,3
90030,DR,2017,2,2,0,0,2
90030,DR,2018,2,2,0,0,2
90030,DR,2019,2,2,0,0,2
90030,DR,2020,2,2,0,0,2
90030,DR,2021,1,1,0,0,1
90030,DR,2022,1,1,0,0,1
90030,MB,2016,13,13,0,0,13
90030,MB,2017,15,15,0,0,15
90030,MB,2018,22,17,3,0,20
90030,MB,2019,24,19,5,0,24
90030,MB,2020,20,17,2,0,19
90030,MB,2021,26,22,2,0,24
90030,MB,2022,22,17,1,0,18
90030,YR,2016,11,7,0,1,8
90030,YR,2017,10,6,0,0,6
90030,YR,2018,19,8,3,0,11
90030,YR,2019,14,8,4,0,12
90030,YR,2020,14,4,5,0,9
90030,YR,2021,7,2,1,0,3
90030,YR,2022,13,2,0,0,2
90031,CB,2016,1,1,0,0,1
90031,CB,2022,1,1,0,0,1
90031,DR,2016,3,3,0,0,3
90031,DR,2017,5,5,0,0,5
90031,DR,2018,2,2,0,0,2
90031,DR,2019,5,5,0,0,5
90031,DR,2020,2,2,0,0,2
90031,DR,2021,4,4,0,0,4
90031,DR,2022,4,4,0,0,4
90031,MB,2016,17,15,1,0,16
90031,MB,2017,14,14,0,0,14
90031,MB,2018,16,16,0,0,16
90031,MB,2019,15,15,0,0,15
90031,MB,2020,5,5,0,0,5
90031,MB,2021,6,6,0,0,6
90031,MB,2022,7,6,0,0,6
90032,DR,2016,2,2,0,0,2
90032,DR,2022,3,3,0,0,3
90032,MB,2016,10,10,0,0,10
90032,MB,2017,8,8,0,0,8
90032,MB,2018,13,13,0,0,13
90032,MB,2019,25,25,0,0,25
90032,MB,2020,46,39,7,0,46
90032,MB,2021,74,35,39,0,74
90032,MB,2022,55,25,30,0,55
90033,DR,2017,11,5,6,0,11
90033,DR,2018,20,4,16,0,20
90033,DR,2019,12,1,10,0,11
90033,DR,2020,13,3,10,0,13
90033,DR,2021,8,1,7,0,8
90033,DR,2022,1,1,0,0,1
90033,MB,2016,9,9,0,0,9
90033,MB,2017,25,25,0,0,25
90033,MB,2018,13,12,1,0,13
90033,MB,2019,18,18,0,0,18
90033,MB,2020,19,19,0,0,19
90033,MB,2021,25,25,0,0,25
90033,MB,2022,84,19,65,0,84
90033,SR,2016,1,1,0,0,1
90033,SR,2019,4,0,0,0,0
90033,SR,2021,1,1,0,0,1
90033,SR,2022,2,2,0,0,2
90035,DR,2019,2,2,0,0,2
90035,MB,2016,19,18,1,0,19
90035,MB,2017,30,29,1,0,30
90035,MB,2018,9,9,0,0,9
90035,MB,2019,21,19,2,0,21
90035,MB,2020,19,17,1,1,19
90035,MB,2021,11,11,0,0,11
90035,MB,2022,16,16,0,0,16
90036,DR,2022,4,4,0,0,4
90036,MB,2016,71,45,25,0,70
90036,MB,2017,59,38,20,0,58
90036,MB,2018,47,47,0,0,47
90036,MB,2019,64,62,1,0,63
90036,MB,2020,62,57,0,0,57
90036,MB,2021,38,37,0,0,37
90036,MB,2022,34,34,0,0,34
90039,MB,2016,6,5,0,0,5
90039,MB,2017,5,3,0,0,3
90039,MB,2018,2,2,0,0,2
90039,MB,2019,2,1,0,0,1
90039,MB,2020,9,9,0,0,9
90039,MB,2021,1,1,0,0,1
90041,DR,2020,2,2,0,0,2
90041,MB,2016,35,15,2,18,35
90041,MB,2017,22,22,0,0,22
90041,MB,2018,22,22,0,0,22
90041,MB,2019,17,15,1,0,16
90041,MB,2020,10,10,0,0,10
90041,MB,2021,34,32,2,0,34
90041,MB,2022,17,17,0,0,17
90042,MB,2016,9,9,0,0,9
90042,MB,2017,14,14,0,0,14
90042,MB,2018,10,10,0,0,10
90042,MB,2019,1,1,0,0,1
90042,MB,2021,8,8,0,0,8
90042,MB,2022,3,2,0,0,2
90043,MB,2022,1,1,0,0,1
90045,DR,2016,6,6,0,0,6
90045,DR,2017,3,3,0,0,3
90045,DR,2018,19,19,0,0,19
90045,DR,2019,19,18,1,0,19
90045,DR,2020,39,39,0,0,39
90045,DR,2021,28,27,1,0,28
90045,DR,2022,10,10,0,0,10
90045,MB,2016,166,154,3,0,157
90045,MB,2017,164,154,4,0,158
90045,MB,2018,190,176,14,0,190
90045,MB,2019,204,202,2,0,204
90045,MB,2020,124,124,0,0,124
90045,MB,2021,71,71,0,0,71
90045,MB,2022,81,81,0,0,81
90061,DR,2016,1,1,0,0,1
90061,DR,2019,1,1,0,0,1
90061,MB,2016,1,1,0,0,1
90061,MB,2018,3,3,0,0,3
90061,MB,2019,2,2,0,0,2
90078,DR,2019,1,1,0,0,1
90078,MB,2017,5,5,0,0,5
90078,MB,2018,2,2,0,0,2
90079,DR,2016,2,1,0,0,1
90079,DR,2018,1,1,0,0,1
90079,DR,2019,3,3,0,0,3
90079,DR,2021,1,0,1,0,1
90079,DR,2022,1,1,0,0,1
90079,MB,2016,4,3,1,0,4
90079,MB,2017,3,3,0,0,3
90079,MB,2018,3,3,0,0,3
90079,MB,2019,5,5,0,0,5
90079,MB,2020,1,1,0,0,1
90079,MB,2022,8,7,0,0,7
90086,DR,2018,2,2,0,0,2
90086,DR,2019,1,1,0,0,1
90086,DR,2022,1,1,0,0,1
90087,MB,2017,1,1,0,0,1
90087,MB,2019,1,1,0,0,1
90087,MB,2021,1,1,0,0,1
90087,MB,2022,4,1,0,0,1
90088,CB,2017,1,0,0,0,0
90088,DR,2016,1,1,0,0,1
90088,DR,2020,1,0,0,0,0
90088,DR,2022,1,0,0,1,1
90088,MB,2019,1,1,0,0,1
90088,MB,2020,1,1,0,0,1
90088,MB,2021,2,1,1,0,2
90088,MB,2022,3,2,0,1,3
90089,MB,2016,1,1,0,0,1
90089,MB,2017,6,2,0,0,2
90089,MB,2018,3,2,0,0,2
90089,MB,2020,2,1,0,1,2
90089,MB,2021,2,2,0,0,2
90089,MB,2022,2,1,0,0,1
90090,DR,2019,1,1,0,0,1
90090,DR,2020,1,1,0,0,1
90090,DR,2022,1,1,0,0,1
90090,MB,2016,1,1,0,0,1
90090,MB,2017,3,3,0,0,3
90090,MB,2018,5,5,0,0,5
90090,MB,2019,1,1,0,0,1
90090,MB,2021,1,1,0,0,1
90090,MB,2022,5,5,0,0,5
90091,DR,2016,1,1,0,0,1
90091,DR,2017,1,1,0,0,1
90091,DR,2018,1,1,0,0,1
90091,DR,2019,1,1,0,0,1
90091,DR,2020,1,1,0,0,1
90091,DR,2022,2,1,1,0,2
90091,MB,2017,1,1,0,0,1
90091,MB,2018,1,1,0,0,1
90091,MB,2019,6,6,0,0,6
90091,MB,2020,3,3,0,0,3
90091,MB,2021,5,5,0,0,5
90091,MB,2022,2,2,0,0,2
90092,CB,2016,1,1,0,0,1
90092,CB,2018,6,6,0,0,6
90092,DR,2016,1,1,0,0,1
90092,DR,2018,1,1,0,0,1
90092,DR,2019,2,2,0,0,2
90092,MB,2016,2,2,0,0,2
90092,MB,2018,6,4,0,2,6
90092,MB,2020,1,1,0,0,1
90092,MB,2021,2,2,0,0,2
90092,MB,2022,3,3,0,0,3
90093,DR,2017,1,1,0,0,1
90093,DR,2021,1,1,0,0,1
90093,DR,2022,1,0,1,0,1
90093,MB,2018,1,1,0,0,1
90093,MB,2020,1,1,0,0,1
90093,MB,2021,1,1,0,0,1
90093,MB,2022,1,1,0,0,1
90095,VP,2016,1,0,0,1,1
90121,DR,2022,1,1,0,0,1
90121,MB,2022,22,18,0,0,18
90131,MB,2017,3,3,0,0,3
90131,MB,2018,3,3,0,0,3
90134,MB,2019,5,5,0,0,5
90136,MB,2019,21,9,11,1,21
90136,MB,2020,3,2,0,0,2
90136,MB,2021,3,3,0,0,3
90136,MB,2022,12,12,0,0,12
90142,MB,2017,1,1,0,0,1
90142,MB,2018,1,1,0,0,1
90142,MB,2019,6,6,0,0,6
90142,MB,2022,2,2,0,0,2
90144,DR,2016,2,2,0,0,2
90144,DR,2018,1,1,0,0,1
90144,MB,2016,2,1,0,1,2
90144,MB,2018,4,4,0,0,4
90144,MB,2020,1,1,0,0,1
90144,MB,2021,1,1,0,0,1
90144,MB,2022,2,2,0,0,2
90146,MB,2016,20,19,1,0,20
90146,MB,2017,17,17,0,0,17
90146,MB,2018,17,17,0,0,17
90146,MB,2019,25,21,4,0,25
90146,MB,2020,28,28,0,0,28
90146,MB,2021,43,42,1,0,43
90146,MB,2022,59,51,8,0,59
90147,CB,2017,2,1,1,0,2
90147,DR,2017,1,1,0,0,1
90147,DR,2020,1,1,0,0,1
90147,MB,2016,6,6,0,0,6
90147,MB,2017,19,18,1,0,19
90147,MB,2018,12,12,0,0,12
90147,MB,2019,18,16,1,0,17
90147,MB,2020,10,10,0,0,10
90147,MB,2021,5,4,1,0,5
90147,MB,2022,4,4,0,0,4
90154,DR,2021,1,0,1,0,1
90154,HR,2016,78,77,0,0,77
90154,HR,2017,57,54,2,0,56
90154,HR,2018,41,40,0,0,40
90154,HR,2019,29,29,0,0,29
90154,HR,2020,18,18,0,0,18
90154,HR,2021,28,28,0,0,28
90154,HR,2022,17,17,0,0,17
90154,LR,2016,79,78,0,0,78
90154,LR,2017,37,37,0,0,37
90154,LR,2018,21,21,0,0,21
90154,LR,2019,18,17,1,0,18
90154,LR,2020,14,13,1,0,14
90154,LR,2021,10,10,0,0,10
90154,LR,2022,9,8,1,0,9
90154,MB,2016,298,284,0,1,285
90154,MB,2017,250,242,0,0,242
90154,MB,2018,238,238,0,0,238
90154,MB,2019,294,293,1,0,294
90154,MB,2020,163,162,1,0,163
90154,MB,2021,181,178,1,0,179
90154,MB,2022,244,240,3,0,243
90154,RB,2016,7,5,0,0,5
90154,RB,2021,1,1,0,0,1
90154,RB,2022,4,4,0,0,4
90156,MB,2018,1,1,0,0,1
90156,MB,2020,2,2,0,0,2
90156,MB,2022,6,6,0,0,6
90157,DR,2016,1,1,0,0,1
90157,DR,2019,3,3,0,0,3
90157,DR,2021,2,1,0,0,1
90157,DR,2022,10,4,0,1,5
90159,CB,2022,1,1,0,0,1
90159,MB,2017,1,1,0,0,1
90159,MB,2021,2,1,0,0,1
90162,DR,2016,1,0,1,0,1
90162,DR,2018,5,5,0,0,5
90162,DR,2019,1,0,1,0,1
90162,DR,2021,1,1,0,0,1
90162,DR,2022,2,2,0,0,2
90162,MB,2018,1,1,0,0,1
90162,MB,2019,1,1,0,0,1
90162,MB,2020,1,1,0,0,1
90162,MB,2021,10,8,2,0,10
90162,MB,2022,4,4,0,0,4
90164,CB,2017,3,2,0,0,2
90164,CB,2018,2,2,0,0,2
90169,VP,2016,1,1,0,0,1
90171,CB,2018,1,0,1,0,1
90171,DR,2018,3,2,1,0,3
90171,DR,2019,1,1,0,0,1
90171,MB,2016,3,3,0,0,3
90171,MB,2017,1,1,0,0,1
90171,MB,2018,1,0,1,0,1
90173,DR,2016,1,1,0,0,1
90173,DR,2017,2,1,0,0,1
90173,DR,2018,3,3,0,0,3
90173,MB,2016,8,8,0,0,8
90173,MB,2017,4,0,1,0,1
90173,MB,2018,21,16,0,0,16
90173,MB,2019,2,2,0,0,2
90173,MB,2020,1,1,0,0,1
90173,MB,2021,1,0,1,0,1
90173,MB,2022,2,1,0,0,1
90175,DR,2017,1,1,0,0,1
90175,MB,2016,6,5,0,1,6
90175,MB,2017,1,1,0,0,1
90200,DR,2017,1,1,0,0,1
90200,MB,2017,5,5,0,0,5
90200,MB,2018,1,1,0,0,1
90200,MB,2019,1,1,0,0,1
90200,MB,2021,2,2,0,0,2
90200,MB,2022,1,1,0,0,1
90201,DR,2022,1,1,0,0,1
90201,MB,2017,1,0,0,0,0
90201,MB,2018,2,2,0,0,2
90201,MB,2019,1,1,0,0,1
90201,MB,2022,1,1,0,0,1
90205,DR,2017,1,1,0,0,1
90205,DR,2021,2,2,0,0,2
90206,MB,2017,1,1,0,0,1
90208,DR,2018,2,2,0,0,2
90208,MB,2017,2,2,0,0,2
90208,MB,2018,3,3,0,0,3
90208,MB,2020,1,0,0,0,0
90208,MB,2022,1,1,0,0,1
90209,LR,2016,15,14,1,0,15
90209,LR,2017,1,1,0,0,1
90209,LR,2018,2,2,0,0,2
90209,LR,2019,11,11,0,0,11
90209,LR,2020,12,10,1,0,11
90209,LR,2021,6,6,0,0,6
90209,LR,2022,10,10,0,0,10
90211,MB,2017,4,4,0,0,4
90211,MB,2018,6,5,0,0,5
90211,MB,2019,1,1,0,0,1
90211,MB,2022,29,27,2,0,29
90213,DR,2017,1,1,0,0,1
90213,DR,2019,2,2,0,0,2
90214,DR,2017,1,1,0,0,1
90214,MB,2016,1,1,0,0,1
90214,MB,2017,4,4,0,0,4
90214,MB,2018,1,1,0,0,1
90214,MB,2019,1,1,0,0,1
90219,DR,2016,2,2,0,0,2
90219,MB,2017,4,2,0,0,2
90223,DR,2016,4,4,0,0,4
90223,DR,2017,3,3,0,0,3
90223,DR,2019,6,6,0,0,6
90223,DR,2020,4,3,0,1,4
90223,DR,2021,2,0,2,0,2
90223,DR,2022,1,0,1,0,1
90225,FB,2016,26,4,22,0,26
90225,FB,2017,45,12,33,0,45
90225,FB,2018,22,14,8,0,22
90225,FB,2019,13,3,10,0,13
90225,FB,2020,1,0,1,0,1
90225,FB,2021,1,1,0,0,1
90225,FB,2022,8,3,5,0,8
90229,MB,2018,1,1,0,0,1
90230,VP,2020,2,1,1,0,2
90232,CB,2016,1,1,0,0,1
90232,CB,2019,1,1,0,0,1
90232,CB,2021,4,4,0,0,4
90232,DR,2017,1,1,0,0,1
90232,DR,2018,2,2,0,0,2
90232,DR,2019,1,1,0,0,1
90232,DR,2022,1,0,1,0,1
90232,MB,2016,3,3,0,0,3
90232,MB,2017,1,0,1,0,1
90232,MB,2018,1,1,0,0,1
90232,MB,2019,1,1,0,0,1
90232,MB,2020,1,1,0,0,1
90233,DR,2016,3,1,0,2,3
90233,DR,2018,1,1,0,0,1
90233,DR,2022,1,0,1,0,1
90233,MB,2016,10,0,1,8,9
90233,MB,2017,2,1,1,0,2
90233,MB,2019,1,0,0,0,0
90233,MB,2020,1,1,0,0,1
90233,MB,2021,1,0,1,0,1
90233,MB,2022,8,3,5,0,8
90233,VP,2016,1,0,0,1,1
90234,DR,2018,1,1,0,0,1
90234,MB,2017,1,1,0,0,1
90234,MB,2018,2,2,0,0,2
90234,MB,2020,1,1,0,0,1
90234,MB,2021,4,3,1,0,4
90234,MB,2022,3,3,0,0,3
90241,CB,2016,2,2,0,0,2
90241,CB,2018,1,1,0,0,1
90241,DR,2016,14,14,0,0,14
90241,DR,2017,18,18,0,0,18
90241,DR,2018,21,20,1,0,21
90241,DR,2019,11,10,0,0,10
90241,DR,2020,6,5,1,0,6
90241,DR,2021,17,16,1,0,17
90241,DR,2022,3,3,0,0,3
90241,MB,2016,3,3,0,0,3
90241,MB,2017,4,4,0,0,4
90241,MB,2018,1,1,0,0,1
90241,MB,2019,9,9,0,0,9
90241,MB,2020,10,10,0,0,10
90241,MB,2021,2,2,0,0,2
90242,MG,2016,1,1,0,0,1
90242,MG,2017,6,6,0,0,6
90244,MB,2016,1,0,0,0,0
90302,VP,2020,1,0,0,0,0
90306,CB,2022,6,1,5,0,6
90306,DR,2021,5,5,0,0,5
90306,DR,2022,12,2,10,0,12
90306,MB,2021,7,7,0,0,7
90306,MB,2022,10,4,6,0,10
90310,MB,2022,1,0,0,0,0
91092,CB,2018,1,1,0,0,1
91092,CB,2019,1,1,0,0,1
91092,DR,2016,1,1,0,0,1
91092,DR,2017,1,0,1,0,1
91092,DR,2018,2,1,1,0,2
91092,DR,2022,1,1,0,0,1
91092,MB,2016,2,0,2,0,2
91092,MB,2017,3,0,3,0,3
91092,MB,2018,6,4,2,0,6
91092,MB,2019,3,1,2,0,3
91092,MB,2020,1,0,1,0,1
91092,MB,2021,4,3,1,0,4
91092,MB,2022,2,2,0,0,2
99423,MB,2016,1,1,0,0,1
99423,MB,2017,2,1,0,0,1
99423,MB,2018,1,1,0,0,1
99423,MB,2021,1,1,0,0,1
99424,MB,2022,4,0,3,0,3
99425,DR,2022,2,1,1,0,2
